Nr.;rwzi_code;rwzi_naam;startdatum;einddatum;inwoners;regio_type;regio_code;regio_naam;aandeel;toelichting;MUN_SHARE;MUN_NAME;MUN_CODE;RWZI_CODE
1;1008;Stadskanaal;01-01-2024;;32010;GM;GM0037;Stadskanaal;1.0;definitief;100.0%;Stadskanaal;GM0037;1008
3;1010;Ter Apel;01-01-2024;;13484;GM;GM1950;Westerwolde;1.0;definitief;100.0%;Westerwolde;GM1950;1010
5;1011;Uithuizermeeden;01-01-2024;;11025;GM;GM1966;Het Hogeland;1.0;definitief;100.0%;Het Hogeland;GM1966;1011
7;1024;Ulrum;01-01-2024;;5116;GM;GM1966;Het Hogeland;1.0;definitief;100.0%;Het Hogeland;GM1966;1024
9;1025;Zuidhorn;01-01-2024;;14657;GM;GM1699;Noordenveld;0.001;definitief;0.1%;Noordenveld;GM1699;1025
10;1025;Zuidhorn;01-01-2024;;14657;GM;GM1969;Westerkwartier;0.999;definitief;99.9%;Westerkwartier;GM1969;1025
13;1026;Hoogezand;01-01-2024;;31271;GM;GM1952;Midden-Groningen;1.0;definitief;100.0%;Midden-Groningen;GM1952;1026
15;1027;Oude Pekela;01-01-2024;;12591;GM;GM0765;Pekela;0.994;definitief;99.4%;Pekela;GM0765;1027
16;1027;Oude Pekela;01-01-2024;;12591;GM;GM1950;Westerwolde;0.006;definitief;0.6%;Westerwolde;GM1950;1027
18;1028;Onderdendam;01-01-2024;;13741;GM;GM1966;Het Hogeland;0.82;definitief;82.0%;Het Hogeland;GM1966;1028
19;1028;Onderdendam;01-01-2024;;13741;GM;GM1979;Eemsdelta;0.18;definitief;18.0%;Eemsdelta;GM1979;1028
21;1029;Leek;01-01-2024;;23173;GM;GM0086;Opsterland;0.01;definitief;1.0%;Opsterland;GM0086;1029
22;1029;Leek;01-01-2024;;23173;GM;GM1699;Noordenveld;0.036;definitief;3.5999999999999996%;Noordenveld;GM1699;1029
23;1029;Leek;01-01-2024;;23173;GM;GM1969;Westerkwartier;0.954;definitief;95.39999999999999%;Westerkwartier;GM1969;1029
27;1030;Winsum;01-01-2024;;15913;GM;GM1966;Het Hogeland;1.0;definitief;100.0%;Het Hogeland;GM1966;1030
29;1031;Gaarkeuken;01-01-2024;;16730;GM;GM0059;Achtkarspelen;0.007;definitief;0.7000000000000001%;Achtkarspelen;GM0059;1031
30;1031;Gaarkeuken;01-01-2024;;16730;GM;GM1969;Westerkwartier;0.993;definitief;99.3%;Westerkwartier;GM1969;1031
31;1031;Gaarkeuken;01-01-2024;;16730;GM;GM1970;Noardeast-Fryslân;0.001;definitief;0.1%;Noardeast-Fryslân;GM1970;1031
34;1032;Marum;01-01-2024;;8008;GM;GM1969;Westerkwartier;1.0;definitief;100.0%;Westerkwartier;GM1969;1032
36;1033;Garmerwolde;01-01-2024;;250541;GM;GM0014;Groningen;0.9646;definitief;96.46000000000001%;Groningen;GM0014;1033
37;1033;Garmerwolde;01-01-2024;;250541;GM;GM1730;Tynaarlo;0.0121;definitief;1.21%;Tynaarlo;GM1730;1033
38;1033;Garmerwolde;01-01-2024;;250541;GM;GM1952;Midden-Groningen;0.0017;definitief;0.16999999999999998%;Midden-Groningen;GM1952;1033
39;1033;Garmerwolde;01-01-2024;;250541;GM;GM1979;Eemsdelta;0.0216;definitief;2.16%;Eemsdelta;GM1979;1033
42;1034;Feerwerd;01-01-2024;;3462;GM;GM1969;Westerkwartier;1.0;definitief;100.0%;Westerkwartier;GM1969;1034
44;1038;Scheve Klap;01-01-2024;;4839;GM;GM1895;Oldambt;0.26;definitief;26.0%;Oldambt;GM1895;1038
45;1038;Scheve Klap;01-01-2024;;4839;GM;GM1979;Eemsdelta;0.74;definitief;74.0%;Eemsdelta;GM1979;1038
47;1039;Scheemda;01-01-2024;;38147;GM;GM1895;Oldambt;1.0;definitief;100.0%;Oldambt;GM1895;1039
49;1040;Vriescheloo;01-01-2024;;6355;GM;GM1950;Westerwolde;1.0;definitief;100.0%;Westerwolde;GM1950;1040
51;1041;Wehe-den Hoorn;01-01-2024;;4913;GM;GM1966;Het Hogeland;1.0;definitief;100.0%;Het Hogeland;GM1966;1041
53;1044;Delfzijl;01-01-2024;;33626;GM;GM1979;Eemsdelta;1.0;definitief;100.0%;Eemsdelta;GM1979;1044
55;1045;Veendam;01-01-2024;;39379;GM;GM0047;Veendam;0.699;definitief;69.89999999999999%;Veendam;GM0047;1045
56;1045;Veendam;01-01-2024;;39379;GM;GM1952;Midden-Groningen;0.301;definitief;30.099999999999998%;Midden-Groningen;GM1952;1045
58;1046;Bellingwolde;01-01-2024;;6546;GM;GM1950;Westerwolde;1.0;definitief;100.0%;Westerwolde;GM1950;1046
60;1335;Particulier;01-01-2024;;78;GM;GM0297;Zaltbommel;1.0;definitief;100.0%;Zaltbommel;GM0297;1335
62;2002;Zuiveringskring Oosterwolde;01-01-2024;;23711;GM;GM0074;Heerenveen;0.001;definitief;0.1%;Heerenveen;GM0074;2002
63;2002;Zuiveringskring Oosterwolde;01-01-2024;;23711;GM;GM0085;Ooststellingwerf;0.989;definitief;98.9%;Ooststellingwerf;GM0085;2002
64;2002;Zuiveringskring Oosterwolde;01-01-2024;;23711;GM;GM0086;Opsterland;0.01;definitief;1.0%;Opsterland;GM0086;2002
66;2011;Zuiveringskring Leeuwarden;01-01-2024;;106285;GM;GM0080;Leeuwarden;0.9988;definitief;99.88%;Leeuwarden;GM0080;2011
67;2011;Zuiveringskring Leeuwarden;01-01-2024;;106285;GM;GM0737;Tytsjerksteradiel;0.0012;definitief;0.12%;Tytsjerksteradiel;GM0737;2011
69;2012;Zuiveringskring Drachten;01-01-2024;;68035;GM;GM0059;Achtkarspelen;0.0182;definitief;1.82%;Achtkarspelen;GM0059;2012
70;2012;Zuiveringskring Drachten;01-01-2024;;68035;GM;GM0086;Opsterland;0.1482;definitief;14.82%;Opsterland;GM0086;2012
71;2012;Zuiveringskring Drachten;01-01-2024;;68035;GM;GM0090;Smallingerland;0.8313;definitief;83.13000000000001%;Smallingerland;GM0090;2012
72;2012;Zuiveringskring Drachten;01-01-2024;;68035;GM;GM0737;Tytsjerksteradiel;0.0018;definitief;0.18%;Tytsjerksteradiel;GM0737;2012
73;2012;Zuiveringskring Drachten;01-01-2024;;68035;GM;GM1969;Westerkwartier;0.0005;definitief;0.05%;Westerkwartier;GM1969;2012
76;2013;Zuiveringskring Burgum;01-01-2024;;31135;GM;GM0059;Achtkarspelen;0.002;definitief;0.2%;Achtkarspelen;GM0059;2013
77;2013;Zuiveringskring Burgum;01-01-2024;;31135;GM;GM0090;Smallingerland;0.001;definitief;0.1%;Smallingerland;GM0090;2013
78;2013;Zuiveringskring Burgum;01-01-2024;;31135;GM;GM0737;Tytsjerksteradiel;0.988;definitief;98.8%;Tytsjerksteradiel;GM0737;2013
79;2013;Zuiveringskring Burgum;01-01-2024;;31135;GM;GM1891;Dantumadiel;0.008;definitief;0.8%;Dantumadiel;GM1891;2013
81;2015;Zuiveringskring Gorredijk;01-01-2024;;22843;GM;GM0074;Heerenveen;0.146;definitief;14.6%;Heerenveen;GM0074;2015
82;2015;Zuiveringskring Gorredijk;01-01-2024;;22843;GM;GM0085;Ooststellingwerf;0.002;definitief;0.2%;Ooststellingwerf;GM0085;2015
83;2015;Zuiveringskring Gorredijk;01-01-2024;;22843;GM;GM0086;Opsterland;0.851;definitief;85.1%;Opsterland;GM0086;2015
84;2015;Zuiveringskring Gorredijk;01-01-2024;;22843;GM;GM0090;Smallingerland;0.001;definitief;0.1%;Smallingerland;GM0090;2015
86;2016;Zuiveringskring Wolvega;01-01-2024;;28956;GM;GM0085;Ooststellingwerf;0.079;definitief;7.9%;Ooststellingwerf;GM0085;2016
87;2016;Zuiveringskring Wolvega;01-01-2024;;28956;GM;GM0098;Weststellingwerf;0.909;definitief;90.9%;Weststellingwerf;GM0098;2016
88;2016;Zuiveringskring Wolvega;01-01-2024;;28956;GM;GM1701;Westerveld;0.007;definitief;0.7000000000000001%;Westerveld;GM1701;2016
89;2016;Zuiveringskring Wolvega;01-01-2024;;28956;GM;GM1940;De Fryske Marren;0.004;definitief;0.4%;De Fryske Marren;GM1940;2016
92;2017;Zuiveringskring Sint Annaparochie;01-01-2024;;10897;GM;GM0080;Leeuwarden;0.009;definitief;0.8999999999999999%;Leeuwarden;GM0080;2017
93;2017;Zuiveringskring Sint Annaparochie;01-01-2024;;10897;GM;GM1949;Waadhoeke;0.99;definitief;99.0%;Waadhoeke;GM1949;2017
95;2018;Zuiveringskring Sneek;01-01-2024;;41646;GM;GM1900;Súdwest-Fryslân;1.0;definitief;100.0%;Súdwest-Fryslân;GM1900;2018
97;2019;Zuiveringskring Kootstertille;01-01-2024;;26110;GM;GM0059;Achtkarspelen;0.957;definitief;95.7%;Achtkarspelen;GM0059;2019
98;2019;Zuiveringskring Kootstertille;01-01-2024;;26110;GM;GM0737;Tytsjerksteradiel;0.038;definitief;3.8%;Tytsjerksteradiel;GM0737;2019
99;2019;Zuiveringskring Kootstertille;01-01-2024;;26110;GM;GM1969;Westerkwartier;0.001;definitief;0.1%;Westerkwartier;GM1969;2019
100;2019;Zuiveringskring Kootstertille;01-01-2024;;26110;GM;GM1970;Noardeast-Fryslân;0.004;definitief;0.4%;Noardeast-Fryslân;GM1970;2019
103;2020;Zuiveringskring Ameland;01-01-2024;;3835;GM;GM0060;Ameland;1.0;definitief;100.0%;Ameland;GM0060;2020
105;2021;Zuiveringskring Damwoude;01-01-2024;;25402;GM;GM0059;Achtkarspelen;0.071;definitief;7.1%;Achtkarspelen;GM0059;2021
106;2021;Zuiveringskring Damwoude;01-01-2024;;25402;GM;GM0737;Tytsjerksteradiel;0.011;definitief;1.0999999999999999%;Tytsjerksteradiel;GM0737;2021
107;2021;Zuiveringskring Damwoude;01-01-2024;;25402;GM;GM1891;Dantumadiel;0.736;definitief;73.6%;Dantumadiel;GM1891;2021
108;2021;Zuiveringskring Damwoude;01-01-2024;;25402;GM;GM1970;Noardeast-Fryslân;0.181;definitief;18.099999999999998%;Noardeast-Fryslân;GM1970;2021
110;2022;Zuiveringskring Joure;01-01-2024;;19779;GM;GM1940;De Fryske Marren;1.0;definitief;100.0%;De Fryske Marren;GM1940;2022
112;2023;Zuiveringskring Bolsward;01-01-2024;;27693;GM;GM1900;Súdwest-Fryslân;0.998;definitief;99.8%;Súdwest-Fryslân;GM1900;2023
113;2023;Zuiveringskring Bolsward;01-01-2024;;27693;GM;GM1949;Waadhoeke;0.001;definitief;0.1%;Waadhoeke;GM1949;2023
115;2024;Zuiveringskring Sloten;01-01-2024;;12458;GM;GM1900;Súdwest-Fryslân;0.21;definitief;21.0%;Súdwest-Fryslân;GM1900;2024
116;2024;Zuiveringskring Sloten;01-01-2024;;12458;GM;GM1940;De Fryske Marren;0.79;definitief;79.0%;De Fryske Marren;GM1940;2024
118;2025;Zuiveringskring Akkrum;01-01-2024;;7181;GM;GM0074;Heerenveen;0.796;definitief;79.60000000000001%;Heerenveen;GM0074;2025
119;2025;Zuiveringskring Akkrum;01-01-2024;;7181;GM;GM0080;Leeuwarden;0.002;definitief;0.2%;Leeuwarden;GM0080;2025
120;2025;Zuiveringskring Akkrum;01-01-2024;;7181;GM;GM0090;Smallingerland;0.002;definitief;0.2%;Smallingerland;GM0090;2025
121;2025;Zuiveringskring Akkrum;01-01-2024;;7181;GM;GM1940;De Fryske Marren;0.2;definitief;20.0%;De Fryske Marren;GM1940;2025
123;2026;Zuiveringskring Terschelling;01-01-2024;;4897;GM;GM0093;Terschelling;1.0;definitief;100.0%;Terschelling;GM0093;2026
125;2027;Zuiveringskring Lemmer;01-01-2024;;13782;GM;GM1940;De Fryske Marren;1.0;definitief;100.0%;De Fryske Marren;GM1940;2027
127;2028;Zuiveringskring Dokkum;01-01-2024;;30691;GM;GM1891;Dantumadiel;0.003;definitief;0.3%;Dantumadiel;GM1891;2028
128;2028;Zuiveringskring Dokkum;01-01-2024;;30691;GM;GM1970;Noardeast-Fryslân;0.996;definitief;99.6%;Noardeast-Fryslân;GM1970;2028
130;2029;Zuiveringskring Birdaard;01-01-2024;;21094;GM;GM0080;Leeuwarden;0.481;definitief;48.1%;Leeuwarden;GM0080;2029
131;2029;Zuiveringskring Birdaard;01-01-2024;;21094;GM;GM0737;Tytsjerksteradiel;0.014;definitief;1.4000000000000001%;Tytsjerksteradiel;GM0737;2029
132;2029;Zuiveringskring Birdaard;01-01-2024;;21094;GM;GM1891;Dantumadiel;0.003;definitief;0.3%;Dantumadiel;GM1891;2029
133;2029;Zuiveringskring Birdaard;01-01-2024;;21094;GM;GM1949;Waadhoeke;0.001;definitief;0.1%;Waadhoeke;GM1949;2029
134;2029;Zuiveringskring Birdaard;01-01-2024;;21094;GM;GM1970;Noardeast-Fryslân;0.501;definitief;50.1%;Noardeast-Fryslân;GM1970;2029
136;2030;Zuiveringskring Workum;01-01-2024;;5731;GM;GM1900;Súdwest-Fryslân;1.0;definitief;100.0%;Súdwest-Fryslân;GM1900;2030
138;2031;Zuiveringskring Heerenveen;01-01-2024;;48685;GM;GM0074;Heerenveen;0.875;definitief;87.5%;Heerenveen;GM0074;2031
139;2031;Zuiveringskring Heerenveen;01-01-2024;;48685;GM;GM0086;Opsterland;0.002;definitief;0.2%;Opsterland;GM0086;2031
140;2031;Zuiveringskring Heerenveen;01-01-2024;;48685;GM;GM0098;Weststellingwerf;0.003;definitief;0.3%;Weststellingwerf;GM0098;2031
141;2031;Zuiveringskring Heerenveen;01-01-2024;;48685;GM;GM1940;De Fryske Marren;0.12;definitief;12.0%;De Fryske Marren;GM1940;2031
143;2032;Zuiveringskring Harlingen;01-01-2024;;25174;GM;GM0072;Harlingen;0.645;definitief;64.5%;Harlingen;GM0072;2032
144;2032;Zuiveringskring Harlingen;01-01-2024;;25174;GM;GM1900;Súdwest-Fryslân;0.163;definitief;16.3%;Súdwest-Fryslân;GM1900;2032
145;2032;Zuiveringskring Harlingen;01-01-2024;;25174;GM;GM1949;Waadhoeke;0.192;definitief;19.2%;Waadhoeke;GM1949;2032
147;2036;Zuiveringskring Grou;01-01-2024;;14486;GM;GM0074;Heerenveen;0.006;definitief;0.6%;Heerenveen;GM0074;2036
148;2036;Zuiveringskring Grou;01-01-2024;;14486;GM;GM0080;Leeuwarden;0.78;definitief;78.0%;Leeuwarden;GM0080;2036
149;2036;Zuiveringskring Grou;01-01-2024;;14486;GM;GM0090;Smallingerland;0.003;definitief;0.3%;Smallingerland;GM0090;2036
150;2036;Zuiveringskring Grou;01-01-2024;;14486;GM;GM1900;Súdwest-Fryslân;0.21;definitief;21.0%;Súdwest-Fryslân;GM1900;2036
152;2037;Zuiveringskring Warns;01-01-2024;;6758;GM;GM1900;Súdwest-Fryslân;0.831;definitief;83.1%;Súdwest-Fryslân;GM1900;2037
153;2037;Zuiveringskring Warns;01-01-2024;;6758;GM;GM1940;De Fryske Marren;0.169;definitief;16.900000000000002%;De Fryske Marren;GM1940;2037
155;2038;Zuiveringskring Franeker;01-01-2024;;32311;GM;GM0080;Leeuwarden;0.033;definitief;3.3000000000000003%;Leeuwarden;GM0080;2038
156;2038;Zuiveringskring Franeker;01-01-2024;;32311;GM;GM1949;Waadhoeke;0.967;definitief;96.7%;Waadhoeke;GM1949;2038
158;2040;Zuiveringskring Vlieland;01-01-2024;;1255;GM;GM0096;Vlieland;1.0;definitief;100.0%;Vlieland;GM0096;2040
160;2041;Zuiveringskring Schiermonnikoog;01-01-2024;;972;GM;GM0088;Schiermonnikoog;1.0;definitief;100.0%;Schiermonnikoog;GM0088;2041
162;3001;WDOD Beilen;01-01-2024;;23225;GM;GM0109;Coevorden;0.001;definitief;0.1%;Coevorden;GM0109;3001
163;3001;WDOD Beilen;01-01-2024;;23225;GM;GM1680;Aa en Hunze;0.001;definitief;0.1%;Aa en Hunze;GM1680;3001
164;3001;WDOD Beilen;01-01-2024;;23225;GM;GM1701;Westerveld;0.001;definitief;0.1%;Westerveld;GM1701;3001
165;3001;WDOD Beilen;01-01-2024;;23225;GM;GM1731;Midden-Drenthe;0.996;definitief;99.6%;Midden-Drenthe;GM1731;3001
167;3010;Assen;01-01-2024;;76226;GM;GM0106;Assen;0.9097;definitief;90.97%;Assen;GM0106;3010
168;3010;Assen;01-01-2024;;76226;GM;GM1680;Aa en Hunze;0.0879;definitief;8.790000000000001%;Aa en Hunze;GM1680;3010
169;3010;Assen;01-01-2024;;76226;GM;GM1730;Tynaarlo;0.0016;definitief;0.16%;Tynaarlo;GM1730;3010
170;3010;Assen;01-01-2024;;76226;GM;GM1731;Midden-Drenthe;0.0008;definitief;0.08%;Midden-Drenthe;GM1731;3010
172;3014;Meppel;01-01-2024;;54836;GM;GM0119;Meppel;0.6481;definitief;64.81%;Meppel;GM0119;3014
173;3014;Meppel;01-01-2024;;54836;GM;GM0180;Staphorst;0.2749;definitief;27.49%;Staphorst;GM0180;3014
174;3014;Meppel;01-01-2024;;54836;GM;GM1690;De Wolden;0.0727;definitief;7.2700000000000005%;De Wolden;GM1690;3014
175;3014;Meppel;01-01-2024;;54836;GM;GM1701;Westerveld;0.0026;definitief;0.26%;Westerveld;GM1701;3014
176;3014;Meppel;01-01-2024;;54836;GM;GM1708;Steenwijkerland;0.0017;definitief;0.16999999999999998%;Steenwijkerland;GM1708;3014
179;3022;Emmen;01-01-2024;;109609;GM;GM0109;Coevorden;0.0024;definitief;0.24%;Coevorden;GM0109;3022
180;3022;Emmen;01-01-2024;;109609;GM;GM0114;Emmen;0.9976;definitief;99.76%;Emmen;GM0114;3022
182;3023;Tweede Exloermond;01-01-2024;;7970;GM;GM1681;Borger-Odoorn;0.999;definitief;99.9%;Borger-Odoorn;GM1681;3023
184;3027;Smilde;01-01-2024;;9740;GM;GM0106;Assen;0.003;definitief;0.3%;Assen;GM0106;3027
185;3027;Smilde;01-01-2024;;9740;GM;GM1731;Midden-Drenthe;0.996;definitief;99.6%;Midden-Drenthe;GM1731;3027
187;3028;Sleen;01-01-2024;;20068;GM;GM0109;Coevorden;0.694;definitief;69.39999999999999%;Coevorden;GM0109;3028
188;3028;Sleen;01-01-2024;;20068;GM;GM0118;Hoogeveen;0.07;definitief;7.000000000000001%;Hoogeveen;GM0118;3028
189;3028;Sleen;01-01-2024;;20068;GM;GM1681;Borger-Odoorn;0.236;definitief;23.599999999999998%;Borger-Odoorn;GM1681;3028
191;3030;Eelde;01-01-2024;;53025;GM;GM0014;Groningen;0.0272;definitief;2.7199999999999998%;Groningen;GM0014;3030
192;3030;Eelde;01-01-2024;;53025;GM;GM0085;Ooststellingwerf;0.0002;definitief;0.02%;Ooststellingwerf;GM0085;3030
193;3030;Eelde;01-01-2024;;53025;GM;GM0106;Assen;0.0062;definitief;0.62%;Assen;GM0106;3030
194;3030;Eelde;01-01-2024;;53025;GM;GM1699;Noordenveld;0.5813;definitief;58.13%;Noordenveld;GM1699;3030
195;3030;Eelde;01-01-2024;;53025;GM;GM1730;Tynaarlo;0.385;definitief;38.5%;Tynaarlo;GM1730;3030
199;3031;Gieten;01-01-2024;;31860;GM;GM1680;Aa en Hunze;0.581;definitief;58.099999999999994%;Aa en Hunze;GM1680;3031
200;3031;Gieten;01-01-2024;;31860;GM;GM1681;Borger-Odoorn;0.418;definitief;41.8%;Borger-Odoorn;GM1681;3031
201;3031;Gieten;01-01-2024;;31860;GM;GM1730;Tynaarlo;0.001;definitief;0.1%;Tynaarlo;GM1730;3031
203;3032;Dieverbrug;01-01-2024;;19612;GM;GM0119;Meppel;0.002;definitief;0.2%;Meppel;GM0119;3032
204;3032;Dieverbrug;01-01-2024;;19612;GM;GM1701;Westerveld;0.998;definitief;99.8%;Westerveld;GM1701;3032
206;3033;Echten;01-01-2024;;78803;GM;GM0109;Coevorden;0.0022;definitief;0.22%;Coevorden;GM0109;3033
207;3033;Echten;01-01-2024;;78803;GM;GM0118;Hoogeveen;0.6999;definitief;69.99%;Hoogeveen;GM0118;3033
208;3033;Echten;01-01-2024;;78803;GM;GM0119;Meppel;0.0024;definitief;0.24%;Meppel;GM0119;3033
209;3033;Echten;01-01-2024;;78803;GM;GM0180;Staphorst;0.0187;definitief;1.87%;Staphorst;GM0180;3033
210;3033;Echten;01-01-2024;;78803;GM;GM1690;De Wolden;0.261;definitief;26.1%;De Wolden;GM1690;3033
211;3033;Echten;01-01-2024;;78803;GM;GM1701;Westerveld;0.0007;definitief;0.06999999999999999%;Westerveld;GM1701;3033
212;3033;Echten;01-01-2024;;78803;GM;GM1731;Midden-Drenthe;0.0152;definitief;1.52%;Midden-Drenthe;GM1731;3033
215;3034;Coevorden;01-01-2024;;27958;GM;GM0109;Coevorden;0.763;definitief;76.3%;Coevorden;GM0109;3034
216;3034;Coevorden;01-01-2024;;27958;GM;GM0160;Hardenberg;0.237;definitief;23.7%;Hardenberg;GM0160;3034
219;4005;Genemuiden;01-01-2024;;24141;GM;GM0166;Kampen;0.002;definitief;0.2%;Kampen;GM0166;4005
220;4005;Genemuiden;01-01-2024;;24141;GM;GM0193;Zwolle;0.002;definitief;0.2%;Zwolle;GM0193;4005
221;4005;Genemuiden;01-01-2024;;24141;GM;GM1708;Steenwijkerland;0.024;definitief;2.4%;Steenwijkerland;GM1708;4005
222;4005;Genemuiden;01-01-2024;;24141;GM;GM1896;Zwartewaterland;0.971;definitief;97.1%;Zwartewaterland;GM1896;4005
224;4006;Olst;01-01-2024;;18846;GM;GM0150;Deventer;0.002;definitief;0.2%;Deventer;GM0150;4006
225;4006;Olst;01-01-2024;;18846;GM;GM0177;Raalte;0.043;definitief;4.3%;Raalte;GM0177;4006
226;4006;Olst;01-01-2024;;18846;GM;GM0285;Voorst;0.002;definitief;0.2%;Voorst;GM0285;4006
227;4006;Olst;01-01-2024;;18846;GM;GM1773;Olst-Wijhe;0.953;definitief;95.3%;Olst-Wijhe;GM1773;4006
230;4016;Ommen;01-01-2024;;14061;GM;GM0175;Ommen;0.999;definitief;99.9%;Ommen;GM0175;4016
232;4017;Vollenhove;01-01-2024;;6937;GM;GM1708;Steenwijkerland;1.0;definitief;100.0%;Steenwijkerland;GM1708;4017
234;4018;Heino;01-01-2024;;8884;GM;GM0148;Dalfsen;0.011;definitief;1.0999999999999999%;Dalfsen;GM0148;4018
235;4018;Heino;01-01-2024;;8884;GM;GM0177;Raalte;0.946;definitief;94.6%;Raalte;GM0177;4018
236;4018;Heino;01-01-2024;;8884;GM;GM1773;Olst-Wijhe;0.043;definitief;4.3%;Olst-Wijhe;GM1773;4018
238;4019;Deventer;01-01-2024;;94431;GM;GM0150;Deventer;0.999;definitief;99.9%;Deventer;GM0150;4019
239;4019;Deventer;01-01-2024;;94431;GM;GM0177;Raalte;0.0001;definitief;0.01%;Raalte;GM0177;4019
240;4019;Deventer;01-01-2024;;94431;GM;GM1773;Olst-Wijhe;0.0009;definitief;0.09%;Olst-Wijhe;GM1773;4019
242;4020;Steenwijk;01-01-2024;;37884;GM;GM0119;Meppel;0.001;definitief;0.1%;Meppel;GM0119;4020
243;4020;Steenwijk;01-01-2024;;37884;GM;GM1708;Steenwijkerland;0.998;definitief;99.8%;Steenwijkerland;GM1708;4020
246;4021;Raalte;01-01-2024;;36799;GM;GM0148;Dalfsen;0.132;definitief;13.200000000000001%;Dalfsen;GM0148;4021
247;4021;Raalte;01-01-2024;;36799;GM;GM0163;Hellendoorn;0.05;definitief;5.0%;Hellendoorn;GM0163;4021
248;4021;Raalte;01-01-2024;;36799;GM;GM0175;Ommen;0.016;definitief;1.6%;Ommen;GM0175;4021
249;4021;Raalte;01-01-2024;;36799;GM;GM0177;Raalte;0.791;definitief;79.10000000000001%;Raalte;GM0177;4021
250;4021;Raalte;01-01-2024;;36799;GM;GM1742;Rijssen-Holten;0.002;definitief;0.2%;Rijssen-Holten;GM1742;4021
251;4021;Raalte;01-01-2024;;36799;GM;GM1773;Olst-Wijhe;0.009;definitief;0.8999999999999999%;Olst-Wijhe;GM1773;4021
254;4022;Holten;01-01-2024;;22409;GM;GM0150;Deventer;0.3;definitief;30.0%;Deventer;GM0150;4022
255;4022;Holten;01-01-2024;;22409;GM;GM1735;Hof van Twente;0.27;definitief;27.0%;Hof van Twente;GM1735;4022
256;4022;Holten;01-01-2024;;22409;GM;GM1742;Rijssen-Holten;0.43;definitief;43.0%;Rijssen-Holten;GM1742;4022
259;4023;Kampen;01-01-2024;;53789;GM;GM0166;Kampen;0.9869;definitief;98.69%;Kampen;GM0166;4023
260;4023;Kampen;01-01-2024;;53789;GM;GM0303;Dronten;0.0131;definitief;1.31%;Dronten;GM0303;4023
263;4024;Hardenberg;01-01-2024;;33998;GM;GM0160;Hardenberg;0.946;definitief;94.6%;Hardenberg;GM0160;4024
264;4024;Hardenberg;01-01-2024;;33998;GM;GM0175;Ommen;0.052;definitief;5.2%;Ommen;GM0175;4024
265;4024;Hardenberg;01-01-2024;;33998;GM;GM1700;Twenterand;0.002;definitief;0.2%;Twenterand;GM1700;4024
268;4025;WDOD Dalfsen;01-01-2024;;27857;GM;GM0148;Dalfsen;0.888;definitief;88.8%;Dalfsen;GM0148;4025
269;4025;WDOD Dalfsen;01-01-2024;;27857;GM;GM0175;Ommen;0.044;definitief;4.3999999999999995%;Ommen;GM0175;4025
270;4025;WDOD Dalfsen;01-01-2024;;27857;GM;GM0180;Staphorst;0.043;definitief;4.3%;Staphorst;GM0180;4025
271;4025;WDOD Dalfsen;01-01-2024;;27857;GM;GM0193;Zwolle;0.026;definitief;2.6%;Zwolle;GM0193;4025
273;4026;Zwolle;01-01-2024;;126168;GM;GM0166;Kampen;0.0201;definitief;2.01%;Kampen;GM0166;4026
274;4026;Zwolle;01-01-2024;;126168;GM;GM0193;Zwolle;0.9799;definitief;97.99%;Zwolle;GM0193;4026
276;4027;Zuiveringskring Tollebeek;01-01-2024;;72009;GM;GM0171;Noordoostpolder;0.6947;definitief;69.47%;Noordoostpolder;GM0171;4027
277;4027;Zuiveringskring Tollebeek;01-01-2024;;72009;GM;GM0184;Urk;0.3049;definitief;30.490000000000002%;Urk;GM0184;4027
278;4027;Zuiveringskring Tollebeek;01-01-2024;;72009;GM;GM1708;Steenwijkerland;0.0003;definitief;0.03%;Steenwijkerland;GM1708;4027
281;4028;Dedemsvaart;01-01-2024;;24253;GM;GM0160;Hardenberg;0.995;definitief;99.5%;Hardenberg;GM0160;4028
282;4028;Dedemsvaart;01-01-2024;;24253;GM;GM0175;Ommen;0.004;definitief;0.4%;Ommen;GM0175;4028
283;4028;Dedemsvaart;01-01-2024;;24253;GM;GM1690;De Wolden;0.001;definitief;0.1%;De Wolden;GM1690;4028
286;4030;Hessenpoort;01-01-2024;;8748;GM;GM0193;Zwolle;1.0;definitief;100.0%;Zwolle;GM0193;4030
288;5001;Haaksbergen;01-01-2024;;29016;GM;GM0158;Haaksbergen;0.839;definitief;83.89999999999999%;Haaksbergen;GM0158;5001
289;5001;Haaksbergen;01-01-2024;;29016;GM;GM1735;Hof van Twente;0.16;definitief;16.0%;Hof van Twente;GM1735;5001
290;5001;Haaksbergen;01-01-2024;;29016;GM;GM1859;Berkelland;0.001;definitief;0.1%;Berkelland;GM1859;5001
293;5002;Enschede;01-01-2024;;149722;GM;GM0153;Enschede;1.0;definitief;100.0%;Enschede;GM0153;5002
295;5003;Glanerbrug;01-01-2024;;12181;GM;GM0153;Enschede;0.984;definitief;98.4%;Enschede;GM0153;5003
296;5003;Glanerbrug;01-01-2024;;12181;GM;GM0168;Losser;0.016;definitief;1.6%;Losser;GM0168;5003
298;5004;Vriezenveen;01-01-2024;;13961;GM;GM0183;Tubbergen;0.002;definitief;0.2%;Tubbergen;GM0183;5004
299;5004;Vriezenveen;01-01-2024;;13961;GM;GM1700;Twenterand;0.998;definitief;99.8%;Twenterand;GM1700;5004
301;5005;Tubbergen;01-01-2024;;13814;GM;GM0183;Tubbergen;0.988;definitief;98.8%;Tubbergen;GM0183;5005
302;5005;Tubbergen;01-01-2024;;13814;GM;GM1700;Twenterand;0.01;definitief;1.0%;Twenterand;GM1700;5005
303;5005;Tubbergen;01-01-2024;;13814;GM;GM1774;Dinkelland;0.002;definitief;0.2%;Dinkelland;GM1774;5005
305;5011;Denekamp;01-01-2024;;11247;GM;GM0168;Losser;0.085;definitief;8.5%;Losser;GM0168;5011
306;5011;Denekamp;01-01-2024;;11247;GM;GM1774;Dinkelland;0.915;definitief;91.5%;Dinkelland;GM1774;5011
308;5012;Oldenzaal;01-01-2024;;44266;GM;GM0168;Losser;0.09;definitief;9.0%;Losser;GM0168;5012
309;5012;Oldenzaal;01-01-2024;;44266;GM;GM0173;Oldenzaal;0.718;definitief;71.8%;Oldenzaal;GM0173;5012
310;5012;Oldenzaal;01-01-2024;;44266;GM;GM0183;Tubbergen;0.045;definitief;4.5%;Tubbergen;GM0183;5012
311;5012;Oldenzaal;01-01-2024;;44266;GM;GM1774;Dinkelland;0.146;definitief;14.6%;Dinkelland;GM1774;5012
313;5014;Vroomshoop;01-01-2024;;17235;GM;GM0160;Hardenberg;0.001;definitief;0.1%;Hardenberg;GM0160;5014
314;5014;Vroomshoop;01-01-2024;;17235;GM;GM0163;Hellendoorn;0.168;definitief;16.8%;Hellendoorn;GM0163;5014
315;5014;Vroomshoop;01-01-2024;;17235;GM;GM0175;Ommen;0.001;definitief;0.1%;Ommen;GM0175;5014
316;5014;Vroomshoop;01-01-2024;;17235;GM;GM0189;Wierden;0.001;definitief;0.1%;Wierden;GM0189;5014
317;5014;Vroomshoop;01-01-2024;;17235;GM;GM1700;Twenterand;0.829;definitief;82.89999999999999%;Twenterand;GM1700;5014
320;5015;Losser;01-01-2024;;18233;GM;GM0168;Losser;1.0;definitief;100.0%;Losser;GM0168;5015
322;5016;Goor;01-01-2024;;16542;GM;GM1735;Hof van Twente;0.998;definitief;99.8%;Hof van Twente;GM1735;5016
323;5016;Goor;01-01-2024;;16542;GM;GM1859;Berkelland;0.002;definitief;0.2%;Berkelland;GM1859;5016
326;5017;Hengelo;01-01-2024;;118250;GM;GM0147;Borne;0.2084;definitief;20.84%;Borne;GM0147;5017
327;5017;Hengelo;01-01-2024;;118250;GM;GM0153;Enschede;0.0001;definitief;0.01%;Enschede;GM0153;5017
328;5017;Hengelo;01-01-2024;;118250;GM;GM0164;Hengelo (O.);0.7024;definitief;70.24000000000001%;Hengelo (O.);GM0164;5017
329;5017;Hengelo;01-01-2024;;118250;GM;GM1735;Hof van Twente;0.0656;definitief;6.5600000000000005%;Hof van Twente;GM1735;5017
330;5017;Hengelo;01-01-2024;;118250;GM;GM1774;Dinkelland;0.0234;definitief;2.34%;Dinkelland;GM1774;5017
332;5018;Ootmarsum;01-01-2024;;7260;GM;GM0183;Tubbergen;0.011;definitief;1.0999999999999999%;Tubbergen;GM0183;5018
333;5018;Ootmarsum;01-01-2024;;7260;GM;GM1774;Dinkelland;0.989;definitief;98.9%;Dinkelland;GM1774;5018
335;5019;Almelo Vissedijk;01-01-2024;;35998;GM;GM0141;Almelo;0.843;definitief;84.3%;Almelo;GM0141;5019
336;5019;Almelo Vissedijk;01-01-2024;;35998;GM;GM0183;Tubbergen;0.157;definitief;15.7%;Tubbergen;GM0183;5019
338;5020;Almelo Sumpel;01-01-2024;;62056;GM;GM0141;Almelo;0.7084;definitief;70.84%;Almelo;GM0141;5020
339;5020;Almelo Sumpel;01-01-2024;;62056;GM;GM0163;Hellendoorn;0.0016;definitief;0.16%;Hellendoorn;GM0163;5020
340;5020;Almelo Sumpel;01-01-2024;;62056;GM;GM0189;Wierden;0.2823;definitief;28.23%;Wierden;GM0189;5020
341;5020;Almelo Sumpel;01-01-2024;;62056;GM;GM1735;Hof van Twente;0.0077;definitief;0.77%;Hof van Twente;GM1735;5020
343;5022;Rijssen;01-01-2024;;36362;GM;GM0189;Wierden;0.203;definitief;20.3%;Wierden;GM0189;5022
344;5022;Rijssen;01-01-2024;;36362;GM;GM1742;Rijssen-Holten;0.797;definitief;79.7%;Rijssen-Holten;GM1742;5022
346;5023;Nijverdal;01-01-2024;;32765;GM;GM0163;Hellendoorn;0.959;definitief;95.89999999999999%;Hellendoorn;GM0163;5023
347;5023;Nijverdal;01-01-2024;;32765;GM;GM0175;Ommen;0.04;definitief;4.0%;Ommen;GM0175;5023
348;5023;Nijverdal;01-01-2024;;32765;GM;GM0177;Raalte;0.001;definitief;0.1%;Raalte;GM0177;5023
349;5023;Nijverdal;01-01-2024;;32765;GM;GM0189;Wierden;0.001;definitief;0.1%;Wierden;GM0189;5023
352;5025;Den Ham;01-01-2024;;5617;GM;GM1700;Twenterand;0.999;definitief;99.9%;Twenterand;GM1700;5025
354;6003;Zuiveringskring Dronten;01-01-2024;;43705;GM;GM0050;Zeewolde;0.001;definitief;0.1%;Zeewolde;GM0050;6003
355;6003;Zuiveringskring Dronten;01-01-2024;;43705;GM;GM0303;Dronten;0.999;definitief;99.9%;Dronten;GM0303;6003
357;6004;Zuiveringskring Lelystad;01-01-2024;;84069;GM;GM0995;Lelystad;1.0;definitief;100.0%;Lelystad;GM0995;6004
359;6005;Zuiveringskring Almere;01-01-2024;;226500;GM;GM0034;Almere;1.0;definitief;100.0%;Almere;GM0034;6005
361;6006;Zuiveringskring Zeewolde;01-01-2024;;23843;GM;GM0050;Zeewolde;1.0;definitief;100.0%;Zeewolde;GM0050;6006
363;7002;Aalten;01-01-2024;;18901;GM;GM0197;Aalten;0.998;definitief;99.8%;Aalten;GM0197;7002
364;7002;Aalten;01-01-2024;;18901;GM;GM0294;Winterswijk;0.001;definitief;0.1%;Winterswijk;GM0294;7002
365;7002;Aalten;01-01-2024;;18901;GM;GM1586;Oost Gelre;0.002;definitief;0.2%;Oost Gelre;GM1586;7002
367;7006;Wehl;01-01-2024;;6035;GM;GM0222;Doetinchem;0.983;definitief;98.3%;Doetinchem;GM0222;7006
368;7006;Wehl;01-01-2024;;6035;GM;GM1876;Bronckhorst;0.017;definitief;1.7000000000000002%;Bronckhorst;GM1876;7006
370;7014;Ruurlo;01-01-2024;;8610;GM;GM0262;Lochem;0.033;definitief;3.3000000000000003%;Lochem;GM0262;7014
371;7014;Ruurlo;01-01-2024;;8610;GM;GM1859;Berkelland;0.881;definitief;88.1%;Berkelland;GM1859;7014
372;7014;Ruurlo;01-01-2024;;8610;GM;GM1876;Bronckhorst;0.086;definitief;8.6%;Bronckhorst;GM1876;7014
374;7015;Lichtenvoorde;01-01-2024;;18574;GM;GM1586;Oost Gelre;1.0;definitief;100.0%;Oost Gelre;GM1586;7015
376;7016;Winterswijk;01-01-2024;;39122;GM;GM0294;Winterswijk;0.747;definitief;74.7%;Winterswijk;GM0294;7016
377;7016;Winterswijk;01-01-2024;;39122;GM;GM1586;Oost Gelre;0.253;definitief;25.3%;Oost Gelre;GM1586;7016
379;7017;Varsseveld;01-01-2024;;13569;GM;GM0222;Doetinchem;0.008;definitief;0.8%;Doetinchem;GM0222;7017
380;7017;Varsseveld;01-01-2024;;13569;GM;GM1509;Oude IJsselstreek;0.681;definitief;68.10000000000001%;Oude IJsselstreek;GM1509;7017
381;7017;Varsseveld;01-01-2024;;13569;GM;GM1586;Oost Gelre;0.095;definitief;9.5%;Oost Gelre;GM1586;7017
382;7017;Varsseveld;01-01-2024;;13569;GM;GM1859;Berkelland;0.013;definitief;1.3%;Berkelland;GM1859;7017
383;7017;Varsseveld;01-01-2024;;13569;GM;GM1876;Bronckhorst;0.203;definitief;20.3%;Bronckhorst;GM1876;7017
385;7018;Dinxperlo;01-01-2024;;9211;GM;GM0197;Aalten;0.917;definitief;91.7%;Aalten;GM0197;7018
386;7018;Dinxperlo;01-01-2024;;9211;GM;GM1509;Oude IJsselstreek;0.083;definitief;8.3%;Oude IJsselstreek;GM1509;7018
388;7019;Zutphen;01-01-2024;;78927;GM;GM0150;Deventer;0.0004;definitief;0.04%;Deventer;GM0150;7019
389;7019;Zutphen;01-01-2024;;78927;GM;GM0262;Lochem;0.4074;definitief;40.739999999999995%;Lochem;GM0262;7019
390;7019;Zutphen;01-01-2024;;78927;GM;GM0301;Zutphen;0.5882;definitief;58.81999999999999%;Zutphen;GM0301;7019
391;7019;Zutphen;01-01-2024;;78927;GM;GM1876;Bronckhorst;0.0041;definitief;0.41000000000000003%;Bronckhorst;GM1876;7019
394;7020;Nieuwgraaf;01-01-2024;;208097;GM;GM0202;Arnhem;0.4171;definitief;41.71%;Arnhem;GM0202;7020
395;7020;Nieuwgraaf;01-01-2024;;208097;GM;GM0226;Duiven;0.1195;definitief;11.95%;Duiven;GM0226;7020
396;7020;Nieuwgraaf;01-01-2024;;208097;GM;GM0228;Ede;0.0003;definitief;0.03%;Ede;GM0228;7020
397;7020;Nieuwgraaf;01-01-2024;;208097;GM;GM0274;Renkum;0.0006;definitief;0.06%;Renkum;GM0274;7020
398;7020;Nieuwgraaf;01-01-2024;;208097;GM;GM0275;Rheden;0.0883;definitief;8.83%;Rheden;GM0275;7020
399;7020;Nieuwgraaf;01-01-2024;;208097;GM;GM0277;Rozendaal;0.0088;definitief;0.88%;Rozendaal;GM0277;7020
400;7020;Nieuwgraaf;01-01-2024;;208097;GM;GM0293;Westervoort;0.0728;definitief;7.28%;Westervoort;GM0293;7020
401;7020;Nieuwgraaf;01-01-2024;;208097;GM;GM0299;Zevenaar;0.21;definitief;21.0%;Zevenaar;GM0299;7020
402;7020;Nieuwgraaf;01-01-2024;;208097;GM;GM1955;Montferland;0.0826;definitief;8.260000000000002%;Montferland;GM1955;7020
405;7021;Olburgen;01-01-2024;;69937;GM;GM0213;Brummen;0.0002;definitief;0.02%;Brummen;GM0213;7021
406;7021;Olburgen;01-01-2024;;69937;GM;GM0221;Doesburg;0.1584;definitief;15.840000000000002%;Doesburg;GM0221;7021
407;7021;Olburgen;01-01-2024;;69937;GM;GM0222;Doetinchem;0.0028;definitief;0.27999999999999997%;Doetinchem;GM0222;7021
408;7021;Olburgen;01-01-2024;;69937;GM;GM0262;Lochem;0.0003;definitief;0.03%;Lochem;GM0262;7021
409;7021;Olburgen;01-01-2024;;69937;GM;GM0275;Rheden;0.3615;definitief;36.15%;Rheden;GM0275;7021
410;7021;Olburgen;01-01-2024;;69937;GM;GM0299;Zevenaar;0.019;definitief;1.9%;Zevenaar;GM0299;7021
411;7021;Olburgen;01-01-2024;;69937;GM;GM0301;Zutphen;0.0002;definitief;0.02%;Zutphen;GM0301;7021
412;7021;Olburgen;01-01-2024;;69937;GM;GM1876;Bronckhorst;0.4576;definitief;45.76%;Bronckhorst;GM1876;7021
415;7022;Etten;01-01-2024;;102661;GM;GM0222;Doetinchem;0.5201;definitief;52.01%;Doetinchem;GM0222;7022
416;7022;Etten;01-01-2024;;102661;GM;GM1509;Oude IJsselstreek;0.2864;definitief;28.64%;Oude IJsselstreek;GM1509;7022
417;7022;Etten;01-01-2024;;102661;GM;GM1876;Bronckhorst;0.0019;definitief;0.19%;Bronckhorst;GM1876;7022
418;7022;Etten;01-01-2024;;102661;GM;GM1955;Montferland;0.1917;definitief;19.17%;Montferland;GM1955;7022
420;7023;Haarlo;01-01-2024;;38130;GM;GM0262;Lochem;0.048;definitief;4.8%;Lochem;GM0262;7023
421;7023;Haarlo;01-01-2024;;38130;GM;GM1586;Oost Gelre;0.005;definitief;0.5%;Oost Gelre;GM1586;7023
422;7023;Haarlo;01-01-2024;;38130;GM;GM1859;Berkelland;0.947;definitief;94.69999999999999%;Berkelland;GM1859;7023
424;8005;Nijkerk;01-01-2024;;48156;GM;GM0203;Barneveld;0.058;definitief;5.800000000000001%;Barneveld;GM0203;8005
425;8005;Nijkerk;01-01-2024;;48156;GM;GM0267;Nijkerk;0.931;definitief;93.10000000000001%;Nijkerk;GM0267;8005
426;8005;Nijkerk;01-01-2024;;48156;GM;GM0273;Putten;0.004;definitief;0.4%;Putten;GM0273;8005
427;8005;Nijkerk;01-01-2024;;48156;GM;GM0307;Amersfoort;0.007;definitief;0.7000000000000001%;Amersfoort;GM0307;8005
431;8009;Elburg;01-01-2024;;56021;GM;GM0200;Apeldoorn;0.0536;definitief;5.36%;Apeldoorn;GM0200;8009
432;8009;Elburg;01-01-2024;;56021;GM;GM0230;Elburg;0.4264;definitief;42.64%;Elburg;GM0230;8009
433;8009;Elburg;01-01-2024;;56021;GM;GM0243;Harderwijk;0.0007;definitief;0.06999999999999999%;Harderwijk;GM0243;8009
434;8009;Elburg;01-01-2024;;56021;GM;GM0269;Oldebroek;0.0005;definitief;0.05%;Oldebroek;GM0269;8009
435;8009;Elburg;01-01-2024;;56021;GM;GM0302;Nunspeet;0.5188;definitief;51.88%;Nunspeet;GM0302;8009
437;8011;Harderwijk;01-01-2024;;107427;GM;GM0200;Apeldoorn;0.0037;definitief;0.37%;Apeldoorn;GM0200;8011
438;8011;Harderwijk;01-01-2024;;107427;GM;GM0203;Barneveld;0.0472;definitief;4.72%;Barneveld;GM0203;8011
439;8011;Harderwijk;01-01-2024;;107427;GM;GM0233;Ermelo;0.2593;definitief;25.929999999999996%;Ermelo;GM0233;8011
440;8011;Harderwijk;01-01-2024;;107427;GM;GM0243;Harderwijk;0.4593;definitief;45.93%;Harderwijk;GM0243;8011
441;8011;Harderwijk;01-01-2024;;107427;GM;GM0273;Putten;0.2304;definitief;23.04%;Putten;GM0273;8011
444;8016;Heerde;01-01-2024;;19107;GM;GM0246;Heerde;0.997;definitief;99.7%;Heerde;GM0246;8016
445;8016;Heerde;01-01-2024;;19107;GM;GM1773;Olst-Wijhe;0.003;definitief;0.3%;Olst-Wijhe;GM1773;8016
448;8017;Epe;01-01-2024;;17381;GM;GM0232;Epe;0.986;definitief;98.6%;Epe;GM0232;8017
449;8017;Epe;01-01-2024;;17381;GM;GM0246;Heerde;0.01;definitief;1.0%;Heerde;GM0246;8017
450;8017;Epe;01-01-2024;;17381;GM;GM0285;Voorst;0.004;definitief;0.4%;Voorst;GM0285;8017
452;8019;Bennekom;01-01-2024;;16073;GM;GM0228;Ede;0.968;definitief;96.8%;Ede;GM0228;8019
453;8019;Bennekom;01-01-2024;;16073;GM;GM0289;Wageningen;0.032;definitief;3.2%;Wageningen;GM0289;8019
455;8021;Ede;01-01-2024;;163055;GM;GM0203;Barneveld;0.3356;definitief;33.56%;Barneveld;GM0203;8021
456;8021;Ede;01-01-2024;;163055;GM;GM0228;Ede;0.661;definitief;66.10000000000001%;Ede;GM0228;8021
457;8021;Ede;01-01-2024;;163055;GM;GM0267;Nijkerk;0.0032;definitief;0.32%;Nijkerk;GM0267;8021
458;8021;Ede;01-01-2024;;163055;GM;GM0327;Leusden;0.0001;definitief;0.01%;Leusden;GM0327;8021
461;8022;Apeldoorn;01-01-2024;;179294;GM;GM0200;Apeldoorn;0.9105;definitief;91.05%;Apeldoorn;GM0200;8022
462;8022;Apeldoorn;01-01-2024;;179294;GM;GM0213;Brummen;0.0001;definitief;0.01%;Brummen;GM0213;8022
463;8022;Apeldoorn;01-01-2024;;179294;GM;GM0228;Ede;0.0003;definitief;0.03%;Ede;GM0228;8022
464;8022;Apeldoorn;01-01-2024;;179294;GM;GM0232;Epe;0.0891;definitief;8.91%;Epe;GM0232;8022
467;8023;Brummen;01-01-2024;;23020;GM;GM0213;Brummen;0.899;definitief;89.9%;Brummen;GM0213;8023
468;8023;Brummen;01-01-2024;;23020;GM;GM0301;Zutphen;0.101;definitief;10.100000000000001%;Zutphen;GM0301;8023
470;8024;Renkum;01-01-2024;;73467;GM;GM0202;Arnhem;0.0015;definitief;0.15%;Arnhem;GM0202;8024
471;8024;Renkum;01-01-2024;;73467;GM;GM0274;Renkum;0.4261;definitief;42.61%;Renkum;GM0274;8024
472;8024;Renkum;01-01-2024;;73467;GM;GM0289;Wageningen;0.5724;definitief;57.24%;Wageningen;GM0289;8024
474;8025;Terwolde;01-01-2024;;29740;GM;GM0150;Deventer;0.077;definitief;7.7%;Deventer;GM0150;8025
475;8025;Terwolde;01-01-2024;;29740;GM;GM0200;Apeldoorn;0.053;definitief;5.3%;Apeldoorn;GM0200;8025
476;8025;Terwolde;01-01-2024;;29740;GM;GM0213;Brummen;0.019;definitief;1.9%;Brummen;GM0213;8025
477;8025;Terwolde;01-01-2024;;29740;GM;GM0232;Epe;0.002;definitief;0.2%;Epe;GM0232;8025
478;8025;Terwolde;01-01-2024;;29740;GM;GM0285;Voorst;0.85;definitief;85.0%;Voorst;GM0285;8025
481;8026;Hattem;01-01-2024;;37403;GM;GM0166;Kampen;0.013;definitief;1.3%;Kampen;GM0166;8026
482;8026;Hattem;01-01-2024;;37403;GM;GM0230;Elburg;0.001;definitief;0.1%;Elburg;GM0230;8026
483;8026;Hattem;01-01-2024;;37403;GM;GM0244;Hattem;0.338;definitief;33.800000000000004%;Hattem;GM0244;8026
484;8026;Hattem;01-01-2024;;37403;GM;GM0269;Oldebroek;0.648;definitief;64.8%;Oldebroek;GM0269;8026
487;9010;ZED Groesbeek;01-01-2024;;16777;GM;GM1945;Berg en Dal;1.0;definitief;100.0%;Berg en Dal;GM1945;9010
489;9012;ZED Geldermalsen;01-01-2024;;26459;GM;GM0214;Buren;0.127;definitief;12.7%;Buren;GM0214;9012
490;9012;ZED Geldermalsen;01-01-2024;;26459;GM;GM1960;West Betuwe;0.873;definitief;87.3%;West Betuwe;GM1960;9012
492;9013;ZED Asperen;01-01-2024;;5491;GM;GM1960;WestBetuwe;1.0;definitief;100.0%;WestBetuwe;GM1960;9013
494;9016;ZED Arnhem;01-01-2024;;160521;GM;GM0202;Arnhem;0.503;definitief;50.3%;Arnhem;GM0202;9016
495;9016;ZED Arnhem;01-01-2024;;160521;GM;GM0268;Nijmegen;0.1547;definitief;15.47%;Nijmegen;GM0268;9016
496;9016;ZED Arnhem;01-01-2024;;160521;GM;GM1705;Lingewaard;0.1261;definitief;12.61%;Lingewaard;GM1705;9016
497;9016;ZED Arnhem;01-01-2024;;160521;GM;GM1734;Overbetuwe;0.2163;definitief;21.63%;Overbetuwe;GM1734;9016
500;9017;ZED Bergharen;01-01-2024;;5096;GM;GM0209;Beuningen;0.004;definitief;0.4%;Beuningen;GM0209;9017
501;9017;ZED Bergharen;01-01-2024;;5096;GM;GM0225;Druten;0.32;definitief;32.0%;Druten;GM0225;9017
502;9017;ZED Bergharen;01-01-2024;;5096;GM;GM0296;Wijchen;0.676;definitief;67.60000000000001%;Wijchen;GM0296;9017
504;9019;ZED Culemborg;01-01-2024;;35078;GM;GM0214;Buren;0.146;definitief;14.6%;Buren;GM0214;9019
505;9019;ZED Culemborg;01-01-2024;;35078;GM;GM0216;Culemborg;0.854;definitief;85.39999999999999%;Culemborg;GM0216;9019
507;9020;ZED Overasselt;01-01-2024;;5236;GM;GM0252;Heumen;1.0;definitief;100.0%;Heumen;GM0252;9020
509;9024;ZED Nijmegen;01-01-2024;;249270;GM;GM0209;Beuningen;0.1071;definitief;10.71%;Beuningen;GM0209;9024
510;9024;ZED Nijmegen;01-01-2024;;249270;GM;GM0252;Heumen;0.0465;definitief;4.65%;Heumen;GM0252;9024
511;9024;ZED Nijmegen;01-01-2024;;249270;GM;GM0268;Nijmegen;0.6508;definitief;65.08%;Nijmegen;GM0268;9024
512;9024;ZED Nijmegen;01-01-2024;;249270;GM;GM0296;Wijchen;0.1529;definitief;15.290000000000001%;Wijchen;GM0296;9024
513;9024;ZED Nijmegen;01-01-2024;;249270;GM;GM1945;Berg en Dal;0.0427;definitief;4.2700000000000005%;Berg en Dal;GM1945;9024
515;9025;ZED Tiel;01-01-2024;;68128;GM;GM0214;Buren;0.2831;definitief;28.310000000000002%;Buren;GM0214;9025
516;9025;ZED Tiel;01-01-2024;;68128;GM;GM0281;Tiel;0.6219;definitief;62.19%;Tiel;GM0281;9025
517;9025;ZED Tiel;01-01-2024;;68128;GM;GM1740;Neder-Betuwe;0.0461;definitief;4.61%;Neder-Betuwe;GM1740;9025
518;9025;ZED Tiel;01-01-2024;;68128;GM;GM1960;WestBetuwe;0.049;definitief;4.9%;WestBetuwe;GM1960;9025
520;9026;ZED Dodewaard;01-01-2024;;29782;GM;GM1734;Overbetuwe;0.242;definitief;24.2%;Overbetuwe;GM1734;9026
521;9026;ZED Dodewaard;01-01-2024;;29782;GM;GM1740;Neder-Betuwe;0.757;definitief;75.7%;Neder-Betuwe;GM1740;9026
524;9027;ZED Druten;01-01-2024;;30215;GM;GM0225;Druten;0.594;definitief;59.4%;Druten;GM0225;9027
525;9027;ZED Druten;01-01-2024;;30215;GM;GM0668;West Maas en Waal;0.406;definitief;40.6%;West Maas en Waal;GM0668;9027
527;9030;ZED Maasbommel;01-01-2024;;2906;GM;GM0668;West Maas en Waal;1.0;definitief;100.0%;West Maas en Waal;GM0668;9030
529;9031;ZED Beesd;01-01-2024;;6212;GM;GM1960;WestBetuwe;1.0;definitief;100.0%;WestBetuwe;GM1960;9031
531;9032;ZED Zetten;01-01-2024;;6954;GM;GM1734;Overbetuwe;0.999;definitief;99.9%;Overbetuwe;GM1734;9032
533;9037;ZED Gorinchem;01-01-2024;;19593;GM;GM0512;Gorinchem;0.834;definitief;83.39999999999999%;Gorinchem;GM0512;9037
534;9037;ZED Gorinchem;01-01-2024;;19593;GM;GM1960;WestBetuwe;0.166;definitief;16.6%;WestBetuwe;GM1960;9037
537;9038;ZED Gendt;01-01-2024;;27112;GM;GM1705;Lingewaard;0.999;definitief;99.9%;Lingewaard;GM1705;9038
538;9038;ZED Gendt;01-01-2024;;27112;GM;GM1734;Overbetuwe;0.001;definitief;0.1%;Overbetuwe;GM1734;9038
540;9039;ZED Dreumel;01-01-2024;;6514;GM;GM0263;Maasdriel;0.207;definitief;20.7%;Maasdriel;GM0263;9039
541;9039;ZED Dreumel;01-01-2024;;6514;GM;GM0668;West Maas en Waal;0.793;definitief;79.3%;West Maas en Waal;GM0668;9039
543;9040;ZED Haaften;01-01-2024;;11552;GM;GM1960;WestBetuwe;1.0;definitief;100.0%;WestBetuwe;GM1960;9040
545;9041;ZED Zaltbommel;01-01-2024;;55158;GM;GM0263;Maasdriel;0.4505;definitief;45.050000000000004%;Maasdriel;GM0263;9041
546;9041;ZED Zaltbommel;01-01-2024;;55158;GM;GM0297;Zaltbommel;0.5495;definitief;54.949999999999996%;Zaltbommel;GM0297;9041
548;9042;ZED Millingen aan de Rijn;01-01-2024;;8054;GM;GM1945;Berg en Dal;1.0;definitief;100.0%;Berg en Dal;GM1945;9042
550;10001;Zeist;01-01-2024;;60328;GM;GM0310;De Bilt;0.0014;definitief;0.13999999999999999%;De Bilt;GM0310;10001
551;10001;Zeist;01-01-2024;;60328;GM;GM0355;Zeist;0.9986;definitief;99.86%;Zeist;GM0355;10001
553;10003;De Bilt;01-01-2024;;49248;GM;GM0310;De Bilt;0.885;definitief;88.5%;De Bilt;GM0310;10003
554;10003;De Bilt;01-01-2024;;49248;GM;GM0355;Zeist;0.115;definitief;11.5%;Zeist;GM0355;10003
556;10008;Driebergen;01-01-2024;;29808;GM;GM0312;Bunnik;0.001;definitief;0.1%;Bunnik;GM0312;10008
557;10008;Driebergen;01-01-2024;;29808;GM;GM0352;Wijk bij Duurstede;0.001;definitief;0.1%;Wijk bij Duurstede;GM0352;10008
558;10008;Driebergen;01-01-2024;;29808;GM;GM0355;Zeist;0.004;definitief;0.4%;Zeist;GM0355;10008
559;10008;Driebergen;01-01-2024;;29808;GM;GM1581;Utrechtse Heuvelrug;0.994;definitief;99.4%;Utrechtse Heuvelrug;GM1581;10008
561;10009;Utrecht;01-01-2024;;279115;GM;GM0310;De Bilt;0.0002;definitief;0.02%;De Bilt;GM0310;10009
562;10009;Utrecht;01-01-2024;;279115;GM;GM0312;Bunnik;0.0002;definitief;0.02%;Bunnik;GM0312;10009
563;10009;Utrecht;01-01-2024;;279115;GM;GM0344;Utrecht;0.9921;definitief;99.21%;Utrecht;GM0344;10009
564;10009;Utrecht;01-01-2024;;279115;GM;GM0355;Zeist;0.0002;definitief;0.02%;Zeist;GM0355;10009
565;10009;Utrecht;01-01-2024;;279115;GM;GM1904;Stichtse Vecht;0.0073;definitief;0.73%;Stichtse Vecht;GM1904;10009
567;10010;Soest;01-01-2024;;73118;GM;GM0308;Baarn;0.3428;definitief;34.28%;Baarn;GM0308;10010
568;10010;Soest;01-01-2024;;73118;GM;GM0310;De Bilt;0.0002;definitief;0.02%;De Bilt;GM0310;10010
569;10010;Soest;01-01-2024;;73118;GM;GM0317;Eemnes;0.0006;definitief;0.06%;Eemnes;GM0317;10010
570;10010;Soest;01-01-2024;;73118;GM;GM0342;Soest;0.6486;definitief;64.86%;Soest;GM0342;10010
571;10010;Soest;01-01-2024;;73118;GM;GM0355;Zeist;0.0077;definitief;0.77%;Zeist;GM0355;10010
573;10012;De Meern;01-01-2024;;32122;GM;GM0344;Utrecht;0.748;definitief;74.8%;Utrecht;GM0344;10012
574;10012;De Meern;01-01-2024;;32122;GM;GM0632;Woerden;0.252;definitief;25.2%;Woerden;GM0632;10012
576;10020;Woudenberg;01-01-2024;;31077;GM;GM0279;Scherpenzeel;0.332;definitief;33.2%;Scherpenzeel;GM0279;10020
577;10020;Woudenberg;01-01-2024;;31077;GM;GM0327;Leusden;0.002;definitief;0.2%;Leusden;GM0327;10020
578;10020;Woudenberg;01-01-2024;;31077;GM;GM0351;Woudenberg;0.469;definitief;46.9%;Woudenberg;GM0351;10020
579;10020;Woudenberg;01-01-2024;;31077;GM;GM1581;Utrechtse Heuvelrug;0.197;definitief;19.7%;Utrechtse Heuvelrug;GM1581;10020
582;10021;Veenendaal;01-01-2024;;78057;GM;GM0228;Ede;0.0009;definitief;0.09%;Ede;GM0228;10021
583;10021;Veenendaal;01-01-2024;;78057;GM;GM0279;Scherpenzeel;0.0003;definitief;0.03%;Scherpenzeel;GM0279;10021
584;10021;Veenendaal;01-01-2024;;78057;GM;GM0339;Renswoude;0.0736;definitief;7.359999999999999%;Renswoude;GM0339;10021
585;10021;Veenendaal;01-01-2024;;78057;GM;GM0340;Rhenen;0.0123;definitief;1.23%;Rhenen;GM0340;10021
586;10021;Veenendaal;01-01-2024;;78057;GM;GM0345;Veenendaal;0.8895;definitief;88.94999999999999%;Veenendaal;GM0345;10021
587;10021;Veenendaal;01-01-2024;;78057;GM;GM0351;Woudenberg;0.0008;definitief;0.08%;Woudenberg;GM0351;10021
588;10021;Veenendaal;01-01-2024;;78057;GM;GM1581;Utrechtse Heuvelrug;0.0226;definitief;2.26%;Utrechtse Heuvelrug;GM1581;10021
591;10024;Montfoort;01-01-2024;;13866;GM;GM0335;Montfoort;1.0;definitief;100.0%;Montfoort;GM0335;10024
593;10025;Bunnik;01-01-2024;;16031;GM;GM0312;Bunnik;0.998;definitief;99.8%;Bunnik;GM0312;10025
594;10025;Bunnik;01-01-2024;;16031;GM;GM0352;Wijk bij Duurstede;0.002;definitief;0.2%;Wijk bij Duurstede;GM0352;10025
596;10027;Amersfoort;01-01-2024;;216108;GM;GM0267;Nijkerk;0.0001;definitief;0.01%;Nijkerk;GM0267;10027
597;10027;Amersfoort;01-01-2024;;216108;GM;GM0307;Amersfoort;0.7474;definitief;74.74%;Amersfoort;GM0307;10027
598;10027;Amersfoort;01-01-2024;;216108;GM;GM0313;Bunschoten;0.1047;definitief;10.47%;Bunschoten;GM0313;10027
599;10027;Amersfoort;01-01-2024;;216108;GM;GM0317;Eemnes;0.0004;definitief;0.04%;Eemnes;GM0317;10027
600;10027;Amersfoort;01-01-2024;;216108;GM;GM0327;Leusden;0.1463;definitief;14.63%;Leusden;GM0327;10027
601;10027;Amersfoort;01-01-2024;;216108;GM;GM0342;Soest;0.0012;definitief;0.12%;Soest;GM0342;10027
604;10028;Nieuwegein;01-01-2024;;99773;GM;GM0331;Lopik;0.0042;definitief;0.42%;Lopik;GM0331;10028
605;10028;Nieuwegein;01-01-2024;;99773;GM;GM0353;IJsselstein;0.3349;definitief;33.489999999999995%;IJsselstein;GM0353;10028
606;10028;Nieuwegein;01-01-2024;;99773;GM;GM0356;Nieuwegein;0.6609;definitief;66.09%;Nieuwegein;GM0356;10028
608;10029;Wijk Bij Duurstede;01-01-2024;;24059;GM;GM0321;Houten;0.001;definitief;0.1%;Houten;GM0321;10029
609;10029;Wijk Bij Duurstede;01-01-2024;;24059;GM;GM0352;Wijk bij Duurstede;0.993;definitief;99.3%;Wijk bij Duurstede;GM0352;10029
610;10029;Wijk Bij Duurstede;01-01-2024;;24059;GM;GM1581;Utrechtse Heuvelrug;0.006;definitief;0.6%;Utrechtse Heuvelrug;GM1581;10029
612;10031;Breukelen;01-01-2024;;14163;GM;GM0344;Utrecht;0.001;definitief;0.1%;Utrecht;GM0344;10031
613;10031;Breukelen;01-01-2024;;14163;GM;GM1904;Stichtse Vecht;0.999;definitief;99.9%;Stichtse Vecht;GM1904;10031
615;10032;Oudewater;01-01-2024;;10265;GM;GM0589;Oudewater;0.996;definitief;99.6%;Oudewater;GM0589;10032
616;10032;Oudewater;01-01-2024;;10265;GM;GM1931;Krimpenerwaard;0.004;definitief;0.4%;Krimpenerwaard;GM1931;10032
619;10034;RWZI De Ronde Venen;01-01-2024;;36093;GM;GM0736;De Ronde Venen;1.0;definitief;100.0%;De Ronde Venen;GM0736;10034
621;10035;Rhenen;01-01-2024;;32150;GM;GM0340;Rhenen;0.6;definitief;60.0%;Rhenen;GM0340;10035
622;10035;Rhenen;01-01-2024;;32150;GM;GM1581;Utrechtse Heuvelrug;0.4;definitief;40.0%;Utrechtse Heuvelrug;GM1581;10035
624;10036;Houten;01-01-2024;;50862;GM;GM0321;Houten;0.9992;definitief;99.92%;Houten;GM0321;10036
625;10036;Houten;01-01-2024;;50862;GM;GM0356;Nieuwegein;0.0006;definitief;0.06%;Nieuwegein;GM0356;10036
627;10037;RWZI Loenen;01-01-2024;;8535;GM;GM1696;Wijdemeren;0.029;definitief;2.9000000000000004%;Wijdemeren;GM1696;10037
628;10037;RWZI Loenen;01-01-2024;;8535;GM;GM1904;Stichtse Vecht;0.971;definitief;97.1%;Stichtse Vecht;GM1904;10037
631;10038;Lopik;01-01-2024;;14316;GM;GM0331;Lopik;0.999;definitief;99.9%;Lopik;GM0331;10038
633;11004;RWZI Hilversum;01-01-2024;;60341;GM;GM0402;Hilversum;0.9999;definitief;99.99%;Hilversum;GM0402;11004
635;11005;RWZI Amstelveen;01-01-2024;;103796;GM;GM0362;Amstelveen;0.9145;definitief;91.45%;Amstelveen;GM0362;11005
636;11005;RWZI Amstelveen;01-01-2024;;103796;GM;GM0437;Ouder-Amstel;0.0855;definitief;8.55%;Ouder-Amstel;GM0437;11005
638;11006;RWZI Uithoorn;01-01-2024;;40753;GM;GM0358;Aalsmeer;0.224;definitief;22.400000000000002%;Aalsmeer;GM0358;11006
639;11006;RWZI Uithoorn;01-01-2024;;40753;GM;GM0451;Uithoorn;0.776;definitief;77.60000000000001%;Uithoorn;GM0451;11006
641;11008;RWZI Blaricum;01-01-2024;;26536;GM;GM0317;Eemnes;0.363;definitief;36.3%;Eemnes;GM0317;11008
642;11008;RWZI Blaricum;01-01-2024;;26536;GM;GM0376;Blaricum;0.202;definitief;20.200000000000003%;Blaricum;GM0376;11008
643;11008;RWZI Blaricum;01-01-2024;;26536;GM;GM0406;Huizen;0.004;definitief;0.4%;Huizen;GM0406;11008
644;11008;RWZI Blaricum;01-01-2024;;26536;GM;GM0417;Laren (NH.);0.431;definitief;43.1%;Laren (NH.);GM0417;11008
647;11010;RWZI Weesp;01-01-2024;;33695;GM;GM0363;Amsterdam;0.7;definitief;70.0%;Amsterdam;GM0363;11010
648;11010;RWZI Weesp;01-01-2024;;33695;GM;GM1904;Stichtse Vecht;0.045;definitief;4.5%;Stichtse Vecht;GM1904;11010
649;11010;RWZI Weesp;01-01-2024;;33695;GM;GM1942;Gooise Meren;0.254;definitief;25.4%;Gooise Meren;GM1942;11010
653;11012;RWZI Huizen;01-01-2024;;48445;GM;GM0376;Blaricum;0.152;definitief;15.2%;Blaricum;GM0376;11012
654;11012;RWZI Huizen;01-01-2024;;48445;GM;GM0406;Huizen;0.848;definitief;84.8%;Huizen;GM0406;11012
656;11013;RWZI Horstermeer;01-01-2024;;110967;GM;GM0402;Hilversum;0.3073;definitief;30.73%;Hilversum;GM0402;11013
657;11013;RWZI Horstermeer;01-01-2024;;110967;GM;GM1696;Wijdemeren;0.2195;definitief;21.95%;Wijdemeren;GM1696;11013
658;11013;RWZI Horstermeer;01-01-2024;;110967;GM;GM1904;Stichtse Vecht;0.0064;definitief;0.64%;Stichtse Vecht;GM1904;11013
659;11013;RWZI Horstermeer;01-01-2024;;110967;GM;GM1942;Gooise Meren;0.4668;definitief;46.68%;Gooise Meren;GM1942;11013
662;11014;RWZI Amsterdam West;01-01-2024;;698147;GM;GM0362;Amstelveen;0.0001;definitief;0.01%;Amstelveen;GM0362;11014
663;11014;RWZI Amsterdam West;01-01-2024;;698147;GM;GM0363;Amsterdam;0.9305;definitief;93.05%;Amsterdam;GM0363;11014
664;11014;RWZI Amsterdam West;01-01-2024;;698147;GM;GM0384;Diemen;0.0472;definitief;4.72%;Diemen;GM0384;11014
665;11014;RWZI Amsterdam West;01-01-2024;;698147;GM;GM0415;Landsmeer;0.0002;definitief;0.02%;Landsmeer;GM0415;11014
666;11014;RWZI Amsterdam West;01-01-2024;;698147;GM;GM0437;Ouder-Amstel;0.008;definitief;0.8%;Ouder-Amstel;GM0437;11014
667;11014;RWZI Amsterdam West;01-01-2024;;698147;GM;GM0736;De Ronde Venen;0.0139;definitief;1.39%;De Ronde Venen;GM0736;11014
671;12001;Heiloo;01-01-2024;;43221;GM;GM0361;Alkmaar;0.14;definitief;14.000000000000002%;Alkmaar;GM0361;12001
672;12001;Heiloo;01-01-2024;;43221;GM;GM0383;Castricum;0.297;definitief;29.7%;Castricum;GM0383;12001
673;12001;Heiloo;01-01-2024;;43221;GM;GM0399;Heiloo;0.562;definitief;56.2%;Heiloo;GM0399;12001
675;12006;Alkmaar;01-01-2024;;48829;GM;GM0361;Alkmaar;0.781;definitief;78.10000000000001%;Alkmaar;GM0361;12006
676;12006;Alkmaar;01-01-2024;;48829;GM;GM0373;Bergen (NH.);0.219;definitief;21.9%;Bergen (NH.);GM0373;12006
678;12010;Zaandam-Oost;01-01-2024;;76307;GM;GM0363;Amsterdam;0.0019;definitief;0.19%;Amsterdam;GM0363;12010
679;12010;Zaandam-Oost;01-01-2024;;76307;GM;GM0415;Landsmeer;0.1428;definitief;14.280000000000001%;Landsmeer;GM0415;12010
680;12010;Zaandam-Oost;01-01-2024;;76307;GM;GM0431;Oostzaan;0.1265;definitief;12.65%;Oostzaan;GM0431;12010
681;12010;Zaandam-Oost;01-01-2024;;76307;GM;GM0479;Zaanstad;0.7222;definitief;72.22%;Zaanstad;GM0479;12010
682;12010;Zaandam-Oost;01-01-2024;;76307;GM;GM0852;Waterland;0.0063;definitief;0.63%;Waterland;GM0852;12010
683;12010;Zaandam-Oost;01-01-2024;;76307;GM;GM0880;Wormerland;0.0002;definitief;0.02%;Wormerland;GM0880;12010
686;12012;Texel;01-01-2024;;13814;GM;GM0448;Texel;1.0;definitief;100.0%;Texel;GM0448;12012
688;12013;Geestmerambacht;01-01-2024;;191161;GM;GM0361;Alkmaar;0.2926;definitief;29.26%;Alkmaar;GM0361;12013
689;12013;Geestmerambacht;01-01-2024;;191161;GM;GM0373;Bergen (NH.);0.1006;definitief;10.059999999999999%;Bergen (NH.);GM0373;12013
690;12013;Geestmerambacht;01-01-2024;;191161;GM;GM0432;Opmeer;0.0005;definitief;0.05%;Opmeer;GM0432;12013
691;12013;Geestmerambacht;01-01-2024;;191161;GM;GM0441;Schagen;0.0789;definitief;7.89%;Schagen;GM0441;12013
692;12013;Geestmerambacht;01-01-2024;;191161;GM;GM1598;Koggenland;0.0003;definitief;0.03%;Koggenland;GM1598;12013
693;12013;Geestmerambacht;01-01-2024;;191161;GM;GM1911;Hollands Kroon;0.0559;definitief;5.59%;Hollands Kroon;GM1911;12013
694;12013;Geestmerambacht;01-01-2024;;191161;GM;GM1980;Dijk en Waard;0.4711;definitief;47.11%;Dijk en Waard;GM1980;12013
696;12014;Beemster;01-01-2024;;107880;GM;GM0361;Alkmaar;0.0652;definitief;6.52%;Alkmaar;GM0361;12014
697;12014;Beemster;01-01-2024;;107880;GM;GM0385;Edam-Volendam;0.01;definitief;1.0%;Edam-Volendam;GM0385;12014
698;12014;Beemster;01-01-2024;;107880;GM;GM0415;Landsmeer;0.0059;definitief;0.59%;Landsmeer;GM0415;12014
699;12014;Beemster;01-01-2024;;107880;GM;GM0439;Purmerend;0.8822;definitief;88.22%;Purmerend;GM0439;12014
700;12014;Beemster;01-01-2024;;107880;GM;GM0852;Waterland;0.018;definitief;1.7999999999999998%;Waterland;GM0852;12014
701;12014;Beemster;01-01-2024;;107880;GM;GM0880;Wormerland;0.0187;definitief;1.87%;Wormerland;GM0880;12014
704;12016;Katwoude;01-01-2024;;45945;GM;GM0385;Edam-Volendam;0.672;definitief;67.2%;Edam-Volendam;GM0385;12016
705;12016;Katwoude;01-01-2024;;45945;GM;GM0852;Waterland;0.328;definitief;32.800000000000004%;Waterland;GM0852;12016
707;12018;Wieringen;01-01-2024;;8596;GM;GM1911;Hollands Kroon;1.0;definitief;100.0%;Hollands Kroon;GM1911;12018
709;12019;Stolpen;01-01-2024;;37132;GM;GM0441;Schagen;0.876;definitief;87.6%;Schagen;GM0441;12019
710;12019;Stolpen;01-01-2024;;37132;GM;GM1911;Hollands Kroon;0.124;definitief;12.4%;Hollands Kroon;GM1911;12019
712;12021;Wervershoof;01-01-2024;;184016;GM;GM0388;Enkhuizen;0.1027;definitief;10.27%;Enkhuizen;GM0388;12021
713;12021;Wervershoof;01-01-2024;;184016;GM;GM0405;Hoorn;0.4109;definitief;41.089999999999996%;Hoorn;GM0405;12021
714;12021;Wervershoof;01-01-2024;;184016;GM;GM0420;Medemblik;0.2497;definitief;24.97%;Medemblik;GM0420;12021
715;12021;Wervershoof;01-01-2024;;184016;GM;GM0432;Opmeer;0.0005;definitief;0.05%;Opmeer;GM0432;12021
716;12021;Wervershoof;01-01-2024;;184016;GM;GM0498;Drechterland;0.1114;definitief;11.14%;Drechterland;GM0498;12021
717;12021;Wervershoof;01-01-2024;;184016;GM;GM0532;Stede Broec;0.1207;definitief;12.07%;Stede Broec;GM0532;12021
718;12021;Wervershoof;01-01-2024;;184016;GM;GM1598;Koggenland;0.0001;definitief;0.01%;Koggenland;GM1598;12021
719;12021;Wervershoof;01-01-2024;;184016;GM;GM1911;Hollands Kroon;0.0041;definitief;0.41000000000000003%;Hollands Kroon;GM1911;12021
721;12022;Beverwijk;01-01-2024;;177091;GM;GM0361;Alkmaar;0.0027;definitief;0.27%;Alkmaar;GM0361;12022
722;12022;Beverwijk;01-01-2024;;177091;GM;GM0373;Bergen (NH.);0.0001;definitief;0.01%;Bergen (NH.);GM0373;12022
723;12022;Beverwijk;01-01-2024;;177091;GM;GM0375;Beverwijk;0.2421;definitief;24.21%;Beverwijk;GM0375;12022
724;12022;Beverwijk;01-01-2024;;177091;GM;GM0383;Castricum;0.1328;definitief;13.28%;Castricum;GM0383;12022
725;12022;Beverwijk;01-01-2024;;177091;GM;GM0396;Heemskerk;0.2228;definitief;22.28%;Heemskerk;GM0396;12022
726;12022;Beverwijk;01-01-2024;;177091;GM;GM0450;Uitgeest;0.0756;definitief;7.5600000000000005%;Uitgeest;GM0450;12022
727;12022;Beverwijk;01-01-2024;;177091;GM;GM0479;Zaanstad;0.2419;definitief;24.19%;Zaanstad;GM0479;12022
728;12022;Beverwijk;01-01-2024;;177091;GM;GM0880;Wormerland;0.082;definitief;8.200000000000001%;Wormerland;GM0880;12022
732;12023;Den Helder;01-01-2024;;69019;GM;GM0400;Den Helder;0.8176;definitief;81.76%;Den Helder;GM0400;12023
733;12023;Den Helder;01-01-2024;;69019;GM;GM0441;Schagen;0.0019;definitief;0.19%;Schagen;GM0441;12023
734;12023;Den Helder;01-01-2024;;69019;GM;GM1911;Hollands Kroon;0.1805;definitief;18.05%;Hollands Kroon;GM1911;12023
736;12024;Ursem;01-01-2024;;40275;GM;GM0361;Alkmaar;0.116;definitief;11.600000000000001%;Alkmaar;GM0361;12024
737;12024;Ursem;01-01-2024;;40275;GM;GM0385;Edam-Volendam;0.001;definitief;0.1%;Edam-Volendam;GM0385;12024
738;12024;Ursem;01-01-2024;;40275;GM;GM0420;Medemblik;0.001;definitief;0.1%;Medemblik;GM0420;12024
739;12024;Ursem;01-01-2024;;40275;GM;GM0432;Opmeer;0.298;definitief;29.799999999999997%;Opmeer;GM0432;12024
740;12024;Ursem;01-01-2024;;40275;GM;GM1598;Koggenland;0.584;definitief;58.4%;Koggenland;GM1598;12024
743;12025;Wieringermeer;01-01-2024;;12418;GM;GM1911;Hollands Kroon;1.0;definitief;100.0%;Hollands Kroon;GM1911;12025
745;12026;Oosthuizen;01-01-2024;;4939;GM;GM0385;Edam-Volendam;1.0;definitief;100.0%;Edam-Volendam;GM0385;12026
747;13003;Zuiveringsgebied Velsen;01-01-2024;;69198;GM;GM0394;Haarlemmermeer;0.0005;definitief;0.05%;Haarlemmermeer;GM0394;13003
748;13003;Zuiveringsgebied Velsen;01-01-2024;;69198;GM;GM0453;Velsen;0.9994;definitief;99.94%;Velsen;GM0453;13003
750;13004;Zuiveringsgebied Heemstede;01-01-2024;;27601;GM;GM0392;Haarlem;0.001;definitief;0.1%;Haarlem;GM0392;13004
751;13004;Zuiveringsgebied Heemstede;01-01-2024;;27601;GM;GM0397;Heemstede;0.999;definitief;99.9%;Heemstede;GM0397;13004
753;13005;Zuiveringsgebied Zwanenburg;01-01-2024;;94898;GM;GM0394;Haarlemmermeer;0.9999;definitief;99.99%;Haarlemmermeer;GM0394;13005
755;13010;Zuiveringsgebied Haarlem-Waarderpolder;01-01-2024;;144227;GM;GM0377;Bloemendaal;0.1123;definitief;11.23%;Bloemendaal;GM0377;13010
756;13010;Zuiveringsgebied Haarlem-Waarderpolder;01-01-2024;;144227;GM;GM0392;Haarlem;0.7398;definitief;73.98%;Haarlem;GM0392;13010
757;13010;Zuiveringsgebied Haarlem-Waarderpolder;01-01-2024;;144227;GM;GM0394;Haarlemmermeer;0.0267;definitief;2.67%;Haarlemmermeer;GM0394;13010
758;13010;Zuiveringsgebied Haarlem-Waarderpolder;01-01-2024;;144227;GM;GM0453;Velsen;0.0001;definitief;0.01%;Velsen;GM0453;13010
759;13010;Zuiveringsgebied Haarlem-Waarderpolder;01-01-2024;;144227;GM;GM0473;Zandvoort;0.1211;definitief;12.11%;Zandvoort;GM0473;13010
761;13012;Zuiveringsgebied Haarlem-Schalkwijk;01-01-2024;;60927;GM;GM0392;Haarlem;1.0;definitief;100.0%;Haarlem;GM0392;13012
763;13023;Zuiveringsgebied Noordwijk;01-01-2024;;60393;GM;GM0575;Noordwijk;0.714;definitief;71.39999999999999%;Noordwijk;GM0575;13023
764;13023;Zuiveringsgebied Noordwijk;01-01-2024;;60393;GM;GM1525;Teylingen;0.286;definitief;28.599999999999998%;Teylingen;GM1525;13023
766;13030;Zuiveringsgebied Leimuiden;01-01-2024;;5615;GM;GM0394;Haarlemmermeer;0.135;definitief;13.5%;Haarlemmermeer;GM0394;13030
767;13030;Zuiveringsgebied Leimuiden;01-01-2024;;5615;GM;GM1884;Kaag en Braassem;0.864;definitief;86.4%;Kaag en Braassem;GM1884;13030
770;13033;Zuiveringsgebied Leiden Zuid-West;01-01-2024;;101872;GM;GM0484;Alphen aan den Rijn;0.0077;definitief;0.77%;Alphen aan den Rijn;GM0484;13033
771;13033;Zuiveringsgebied Leiden Zuid-West;01-01-2024;;101872;GM;GM0537;Katwijk;0.0006;definitief;0.06%;Katwijk;GM0537;13033
772;13033;Zuiveringsgebied Leiden Zuid-West;01-01-2024;;101872;GM;GM0546;Leiden;0.6263;definitief;62.629999999999995%;Leiden;GM0546;13033
773;13033;Zuiveringsgebied Leiden Zuid-West;01-01-2024;;101872;GM;GM0626;Voorschoten;0.2515;definitief;25.15%;Voorschoten;GM0626;13033
774;13033;Zuiveringsgebied Leiden Zuid-West;01-01-2024;;101872;GM;GM0638;Zoeterwoude;0.0948;definitief;9.48%;Zoeterwoude;GM0638;13033
775;13033;Zuiveringsgebied Leiden Zuid-West;01-01-2024;;101872;GM;GM1916;Leidschendam-Voorburg;0.019;definitief;1.9%;Leidschendam-Voorburg;GM1916;13033
778;13034;Zuiveringsgebied Lisse;01-01-2024;;23461;GM;GM0553;Lisse;0.999;definitief;99.9%;Lisse;GM0553;13034
779;13034;Zuiveringsgebied Lisse;01-01-2024;;23461;GM;GM0575;Noordwijk;0.001;definitief;0.1%;Noordwijk;GM0575;13034
781;13035;Zuiveringsgebied Alphen a/d Rijn-noord;01-01-2024;;50723;GM;GM0484;Alphen aan den Rijn;0.8396;definitief;83.96000000000001%;Alphen aan den Rijn;GM0484;13035
782;13035;Zuiveringsgebied Alphen a/d Rijn-noord;01-01-2024;;50723;GM;GM0569;Nieuwkoop;0.1351;definitief;13.51%;Nieuwkoop;GM0569;13035
783;13035;Zuiveringsgebied Alphen a/d Rijn-noord;01-01-2024;;50723;GM;GM1884;Kaag en Braassem;0.0253;definitief;2.53%;Kaag en Braassem;GM1884;13035
785;13038;Zuiveringsgebied Nieuwveen;01-01-2024;;23833;GM;GM0451;Uithoorn;0.002;definitief;0.2%;Uithoorn;GM0451;13038
786;13038;Zuiveringsgebied Nieuwveen;01-01-2024;;23833;GM;GM0484;Alphen aan den Rijn;0.051;definitief;5.1%;Alphen aan den Rijn;GM0484;13038
787;13038;Zuiveringsgebied Nieuwveen;01-01-2024;;23833;GM;GM0569;Nieuwkoop;0.947;definitief;94.69999999999999%;Nieuwkoop;GM0569;13038
790;13039;Zuiveringsgebied Gouda;01-01-2024;;75937;GM;GM0513;Gouda;0.9568;definitief;95.67999999999999%;Gouda;GM0513;13039
791;13039;Zuiveringsgebied Gouda;01-01-2024;;75937;GM;GM1931;Krimpenerwaard;0.0432;definitief;4.32%;Krimpenerwaard;GM1931;13039
793;13041;Zuiveringsgebied Katwijk;01-01-2024;;108352;GM;GM0537;Katwijk;0.6175;definitief;61.75000000000001%;Katwijk;GM0537;13041
794;13041;Zuiveringsgebied Katwijk;01-01-2024;;108352;GM;GM0546;Leiden;0.0189;definitief;1.8900000000000001%;Leiden;GM0546;13041
795;13041;Zuiveringsgebied Katwijk;01-01-2024;;108352;GM;GM0579;Oegstgeest;0.2152;definitief;21.52%;Oegstgeest;GM0579;13041
796;13041;Zuiveringsgebied Katwijk;01-01-2024;;108352;GM;GM1525;Teylingen;0.1485;definitief;14.85%;Teylingen;GM1525;13041
798;13042;Zuiveringsgebied Bodegraven;01-01-2024;;32075;GM;GM0484;Alphen aan den Rijn;0.084;definitief;8.4%;Alphen aan den Rijn;GM0484;13042
799;13042;Zuiveringsgebied Bodegraven;01-01-2024;;32075;GM;GM0569;Nieuwkoop;0.002;definitief;0.2%;Nieuwkoop;GM0569;13042
800;13042;Zuiveringsgebied Bodegraven;01-01-2024;;32075;GM;GM0632;Woerden;0.004;definitief;0.4%;Woerden;GM0632;13042
801;13042;Zuiveringsgebied Bodegraven;01-01-2024;;32075;GM;GM1901;Bodegraven-Reeuwijk;0.91;definitief;91.0%;Bodegraven-Reeuwijk;GM1901;13042
804;13044;Zuiveringsgebied Zwaanshoek;01-01-2024;;120830;GM;GM0358;Aalsmeer;0.1999;definitief;19.99%;Aalsmeer;GM0358;13044
805;13044;Zuiveringsgebied Zwaanshoek;01-01-2024;;120830;GM;GM0377;Bloemendaal;0.0627;definitief;6.2700000000000005%;Bloemendaal;GM0377;13044
806;13044;Zuiveringsgebied Zwaanshoek;01-01-2024;;120830;GM;GM0394;Haarlemmermeer;0.5234;definitief;52.339999999999996%;Haarlemmermeer;GM0394;13044
807;13044;Zuiveringsgebied Zwaanshoek;01-01-2024;;120830;GM;GM0534;Hillegom;0.1889;definitief;18.89%;Hillegom;GM0534;13044
808;13044;Zuiveringsgebied Zwaanshoek;01-01-2024;;120830;GM;GM0575;Noordwijk;0.0215;definitief;2.15%;Noordwijk;GM0575;13044
809;13044;Zuiveringsgebied Zwaanshoek;01-01-2024;;120830;GM;GM1525;Teylingen;0.0001;definitief;0.01%;Teylingen;GM1525;13044
810;13044;Zuiveringsgebied Zwaanshoek;01-01-2024;;120830;GM;GM1884;Kaag en Braassem;0.0035;definitief;0.35000000000000003%;Kaag en Braassem;GM1884;13044
814;13046;Zuiveringsgebied Leiden Noord;01-01-2024;;99688;GM;GM0484;Alphen aan den Rijn;0.0007;definitief;0.06999999999999999%;Alphen aan den Rijn;GM0484;13046
815;13046;Zuiveringsgebied Leiden Noord;01-01-2024;;99688;GM;GM0546;Leiden;0.6446;definitief;64.46%;Leiden;GM0546;13046
816;13046;Zuiveringsgebied Leiden Noord;01-01-2024;;99688;GM;GM0547;Leiderdorp;0.2782;definitief;27.82%;Leiderdorp;GM0547;13046
817;13046;Zuiveringsgebied Leiden Noord;01-01-2024;;99688;GM;GM0579;Oegstgeest;0.0264;definitief;2.64%;Oegstgeest;GM0579;13046
818;13046;Zuiveringsgebied Leiden Noord;01-01-2024;;99688;GM;GM1525;Teylingen;0.0501;definitief;5.01%;Teylingen;GM1525;13046
820;13047;Zuiveringsgebied Nieuwe Wetering;01-01-2024;;17413;GM;GM1525;Teylingen;0.006;definitief;0.6%;Teylingen;GM1525;13047
821;13047;Zuiveringsgebied Nieuwe Wetering;01-01-2024;;17413;GM;GM1884;Kaag en Braassem;0.994;definitief;99.4%;Kaag en Braassem;GM1884;13047
823;13048;Zuiveringsgebied Waddinxveen-Randenburg;01-01-2024;;45174;GM;GM0484;Alphen aan den Rijn;0.367;definitief;36.7%;Alphen aan den Rijn;GM0484;13048
824;13048;Zuiveringsgebied Waddinxveen-Randenburg;01-01-2024;;45174;GM;GM0627;Waddinxveen;0.595;definitief;59.5%;Waddinxveen;GM0627;13048
825;13048;Zuiveringsgebied Waddinxveen-Randenburg;01-01-2024;;45174;GM;GM1901;Bodegraven-Reeuwijk;0.038;definitief;3.8%;Bodegraven-Reeuwijk;GM1901;13048
827;13049;Zuiveringsgebied Alphen Kerk en Zanen;01-01-2024;;52768;GM;GM0484;Alphen aan den Rijn;0.8995;definitief;89.95%;Alphen aan den Rijn;GM0484;13049
828;13049;Zuiveringsgebied Alphen Kerk en Zanen;01-01-2024;;52768;GM;GM1884;Kaag en Braassem;0.1005;definitief;10.05%;Kaag en Braassem;GM1884;13049
830;14002;Woerden;01-01-2024;;51174;GM;GM0569;Nieuwkoop;0.0006;definitief;0.06%;Nieuwkoop;GM0569;14002
831;14002;Woerden;01-01-2024;;51174;GM;GM0632;Woerden;0.8891;definitief;88.91%;Woerden;GM0632;14002
832;14002;Woerden;01-01-2024;;51174;GM;GM1901;Bodegraven-Reeuwijk;0.1102;definitief;11.020000000000001%;Bodegraven-Reeuwijk;GM1901;14002
835;14003;Leidsche Rijn;01-01-2024;;112417;GM;GM0344;Utrecht;0.6517;definitief;65.16999999999999%;Utrecht;GM0344;14003
836;14003;Leidsche Rijn;01-01-2024;;112417;GM;GM1904;Stichtse Vecht;0.3482;definitief;34.82%;Stichtse Vecht;GM1904;14003
838;15004;Nieuwe Waterweg;01-01-2024;;71928;GM;GM0599;Rotterdam;0.1469;definitief;14.69%;Rotterdam;GM0599;15004
839;15004;Nieuwe Waterweg;01-01-2024;;71928;GM;GM1783;Westland;0.8531;definitief;85.31%;Westland;GM1783;15004
842;15005;Houtrust;01-01-2024;;251063;GM;GM0518;'s-Gravenhage;1.0;definitief;100.0%;'s-Gravenhage;GM0518;15005
844;15007;De Groote Lucht;01-01-2024;;213447;GM;GM0556;Maassluis;0.1679;definitief;16.79%;Maassluis;GM0556;15007
845;15007;De Groote Lucht;01-01-2024;;213447;GM;GM0606;Schiedam;0.3833;definitief;38.33%;Schiedam;GM0606;15007
846;15007;De Groote Lucht;01-01-2024;;213447;GM;GM0622;Vlaardingen;0.358;definitief;35.8%;Vlaardingen;GM0622;15007
847;15007;De Groote Lucht;01-01-2024;;213447;GM;GM1783;Westland;0.0597;definitief;5.970000000000001%;Westland;GM1783;15007
848;15007;De Groote Lucht;01-01-2024;;213447;GM;GM1842;Midden-Delfland;0.0311;definitief;3.11%;Midden-Delfland;GM1842;15007
851;15008;Harnaschpolder;01-01-2024;;866439;GM;GM0484;Alphen aan den Rijn;0.0041;definitief;0.41000000000000003%;Alphen aan den Rijn;GM0484;15008
852;15008;Harnaschpolder;01-01-2024;;866439;GM;GM0503;Delft;0.1265;definitief;12.65%;Delft;GM0503;15008
853;15008;Harnaschpolder;01-01-2024;;866439;GM;GM0518;'s-Gravenhage;0.3637;definitief;36.370000000000005%;'s-Gravenhage;GM0518;15008
854;15008;Harnaschpolder;01-01-2024;;866439;GM;GM0603;Rijswijk (ZH.);0.0688;definitief;6.88%;Rijswijk (ZH.);GM0603;15008
855;15008;Harnaschpolder;01-01-2024;;866439;GM;GM0629;Wassenaar;0.0313;definitief;3.1300000000000003%;Wassenaar;GM0629;15008
856;15008;Harnaschpolder;01-01-2024;;866439;GM;GM0637;Zoetermeer;0.1482;definitief;14.82%;Zoetermeer;GM0637;15008
857;15008;Harnaschpolder;01-01-2024;;866439;GM;GM0638;Zoeterwoude;0.0001;definitief;0.01%;Zoeterwoude;GM0638;15008
858;15008;Harnaschpolder;01-01-2024;;866439;GM;GM1621;Lansingerland;0.0394;definitief;3.94%;Lansingerland;GM1621;15008
859;15008;Harnaschpolder;01-01-2024;;866439;GM;GM1783;Westland;0.0483;definitief;4.83%;Westland;GM1783;15008
860;15008;Harnaschpolder;01-01-2024;;866439;GM;GM1842;Midden-Delfland;0.0147;definitief;1.47%;Midden-Delfland;GM1842;15008
861;15008;Harnaschpolder;01-01-2024;;866439;GM;GM1916;Leidschendam-Voorburg;0.0881;definitief;8.81%;Leidschendam-Voorburg;GM1916;15008
862;15008;Harnaschpolder;01-01-2024;;866439;GM;GM1926;Pijnacker-Nootdorp;0.0669;definitief;6.69%;Pijnacker-Nootdorp;GM1926;15008
866;16009;Kortenoord;01-01-2024;;81989;GM;GM0513;Gouda;0.0378;definitief;3.7800000000000002%;Gouda;GM0513;16009
867;16009;Kortenoord;01-01-2024;;81989;GM;GM0599;Rotterdam;0.1602;definitief;16.02%;Rotterdam;GM0599;16009
868;16009;Kortenoord;01-01-2024;;81989;GM;GM0627;Waddinxveen;0.087;definitief;8.7%;Waddinxveen;GM0627;16009
869;16009;Kortenoord;01-01-2024;;81989;GM;GM1621;Lansingerland;0.1425;definitief;14.249999999999998%;Lansingerland;GM1621;16009
870;16009;Kortenoord;01-01-2024;;81989;GM;GM1892;Zuidplas;0.5726;definitief;57.26%;Zuidplas;GM1892;16009
873;16010;Kralingseveer;01-01-2024;;276826;GM;GM0502;Capelle aan den IJssel;0.1306;definitief;13.059999999999999%;Capelle aan den IJssel;GM0502;16010
874;16010;Kralingseveer;01-01-2024;;276826;GM;GM0599;Rotterdam;0.7979;definitief;79.79%;Rotterdam;GM0599;16010
875;16010;Kralingseveer;01-01-2024;;276826;GM;GM1621;Lansingerland;0.0715;definitief;7.1499999999999995%;Lansingerland;GM1621;16010
877;16011;Groenedijk;01-01-2024;;48499;GM;GM0502;Capelle aan den IJssel;0.655;definitief;65.5%;Capelle aan den IJssel;GM0502;16011
878;16011;Groenedijk;01-01-2024;;48499;GM;GM0599;Rotterdam;0.327;definitief;32.7%;Rotterdam;GM0599;16011
879;16011;Groenedijk;01-01-2024;;48499;GM;GM1892;Zuidplas;0.019;definitief;1.9%;Zuidplas;GM1892;16011
882;17002;Bergambacht;01-01-2024;;6368;GM;GM1931;Krimpenerwaard;1.0;definitief;100.0%;Krimpenerwaard;GM1931;17002
884;17004;Ammerstol;01-01-2024;;2018;GM;GM1931;Krimpenerwaard;1.0;definitief;100.0%;Krimpenerwaard;GM1931;17004
886;17005;Stolwijk;01-01-2024;;5738;GM;GM1931;Krimpenerwaard;1.0;definitief;100.0%;Krimpenerwaard;GM1931;17005
888;17011;rwzi Ridderkerk;01-01-2024;;59948;GM;GM0597;Ridderkerk;0.7842;definitief;78.42%;Ridderkerk;GM0597;17011
889;17011;rwzi Ridderkerk;01-01-2024;;59948;GM;GM0599;Rotterdam;0.2151;definitief;21.51%;Rotterdam;GM0599;17011
890;17011;rwzi Ridderkerk;01-01-2024;;59948;GM;GM0642;Zwijndrecht;0.0007;definitief;0.06999999999999999%;Zwijndrecht;GM0642;17011
893;17013;ZED Papendrecht;01-01-2024;;32176;GM;GM0590;Papendrecht;1.0;definitief;100.0%;Papendrecht;GM0590;17013
895;17016;ZED Alblasserdam;01-01-2024;;34555;GM;GM0482;Alblasserdam;0.588;definitief;58.8%;Alblasserdam;GM0482;17016
896;17016;ZED Alblasserdam;01-01-2024;;34555;GM;GM1978;Molenlanden;0.412;definitief;41.199999999999996%;Molenlanden;GM1978;17016
898;17026;ZED Hardinxveld-Giessendam;01-01-2024;;13627;GM;GM0523;Hardinxveld-Giessendam;0.903;definitief;90.3%;Hardinxveld-Giessendam;GM0523;17026
899;17026;ZED Hardinxveld-Giessendam;01-01-2024;;13627;GM;GM1978;Molenlanden;0.097;definitief;9.700000000000001%;Molenlanden;GM1978;17026
901;17029;ZED Vianen;01-01-2024;;29818;GM;GM1961;Vijfheerenlanden;1.0;definitief;100.0%;Vijfheerenlanden;GM1961;17029
903;17040;rwzi Oostvoorne;01-01-2024;;14306;GM;GM0599;Rotterdam;0.001;definitief;0.1%;Rotterdam;GM0599;17040
904;17040;rwzi Oostvoorne;01-01-2024;;14306;GM;GM1992;Voorne aan Zee;0.999;definitief;99.9%;Voorne aan Zee;GM1992;17040
906;17041;rwzi Hellevoetsluis;01-01-2024;;66475;GM;GM1930;Nissewaard;0.0963;definitief;9.629999999999999%;Nissewaard;GM1930;17041
907;17041;rwzi Hellevoetsluis;01-01-2024;;66475;GM;GM1963;Hoeksche Waard;0.0278;definitief;2.78%;Hoeksche Waard;GM1963;17041
908;17041;rwzi Hellevoetsluis;01-01-2024;;66475;GM;GM1992;Voorne aan Zee;0.8758;definitief;87.58%;Voorne aan Zee;GM1992;17041
911;17043;rwzi Strijen;01-01-2024;;9729;GM;GM1963;Hoeksche Waard;1.0;definitief;100.0%;Hoeksche Waard;GM1963;17043
913;17044;rwzi Dordrecht;01-01-2024;;121868;GM;GM0505;Dordrecht;1.0;definitief;100.0%;Dordrecht;GM0505;17044
915;17045;rwzi Oud-Beijerland;01-01-2024;;34518;GM;GM1963;Hoeksche Waard;1.0;definitief;100.0%;Hoeksche Waard;GM1963;17045
917;17048;rwzi Goedereede;01-01-2024;;12192;GM;GM1924;Goeree-Overflakkee;1.0;definitief;100.0%;Goeree-Overflakkee;GM1924;17048
919;17052;ZED Sliedrecht;01-01-2024;;34764;GM;GM0523;Hardinxveld-Giessendam;0.049;definitief;4.9%;Hardinxveld-Giessendam;GM0523;17052
920;17052;ZED Sliedrecht;01-01-2024;;34764;GM;GM0610;Sliedrecht;0.755;definitief;75.5%;Sliedrecht;GM0610;17052
921;17052;ZED Sliedrecht;01-01-2024;;34764;GM;GM1978;Molenlanden;0.196;definitief;19.6%;Molenlanden;GM1978;17052
923;17053;De Groote Zaag;01-01-2024;;50142;GM;GM0542;Krimpen aan den IJssel;0.5908;definitief;59.08%;Krimpen aan den IJssel;GM0542;17053
924;17053;De Groote Zaag;01-01-2024;;50142;GM;GM1931;Krimpenerwaard;0.4092;definitief;40.92%;Krimpenerwaard;GM1931;17053
927;17054;rwzi Piershil;01-01-2024;;6394;GM;GM1963;Hoeksche Waard;1.0;definitief;100.0%;Hoeksche Waard;GM1963;17054
929;17055;rwzi Middelharnis;01-01-2024;;24737;GM;GM1924;Goeree-Overflakkee;1.0;definitief;100.0%;Goeree-Overflakkee;GM1924;17055
931;17056;rwzi Oude Tonge;01-01-2024;;9129;GM;GM1924;Goeree-Overflakkee;1.0;definitief;100.0%;Goeree-Overflakkee;GM1924;17056
933;17057;rwzi Rozenburg;01-01-2024;;12608;GM;GM0599;Rotterdam;1.0;definitief;100.0%;Rotterdam;GM0599;17057
935;17061;rwzi Dokhaven te Rotterdam;01-01-2024;;343487;GM;GM0489;Barendrecht;0.0001;definitief;0.01%;Barendrecht;GM0489;17061
936;17061;rwzi Dokhaven te Rotterdam;01-01-2024;;343487;GM;GM0597;Ridderkerk;0.0001;definitief;0.01%;Ridderkerk;GM0597;17061
937;17061;rwzi Dokhaven te Rotterdam;01-01-2024;;343487;GM;GM0599;Rotterdam;0.9998;definitief;99.98%;Rotterdam;GM0599;17061
939;17062;rwzi Heenvliet;01-01-2024;;7033;GM;GM1930;Nissewaard;0.753;definitief;75.3%;Nissewaard;GM1930;17062
940;17062;rwzi Heenvliet;01-01-2024;;7033;GM;GM1992;Voorne aan Zee;0.247;definitief;24.7%;Voorne aan Zee;GM1992;17062
942;17063;ZED Leerdam;01-01-2024;;20886;GM;GM1961;Vijfheerenlanden;1.0;definitief;100.0%;Vijfheerenlanden;GM1961;17063
944;17065;ZED Groot-Ammers;01-01-2024;;28899;GM;GM1931;Krimpenerwaard;0.474;definitief;47.4%;Krimpenerwaard;GM1931;17065
945;17065;ZED Groot-Ammers;01-01-2024;;28899;GM;GM1961;Vijfheerenlanden;0.144;definitief;14.399999999999999%;Vijfheerenlanden;GM1961;17065
946;17065;ZED Groot-Ammers;01-01-2024;;28899;GM;GM1978;Molenlanden;0.382;definitief;38.2%;Molenlanden;GM1978;17065
950;17066;rwzi Numansdorp;01-01-2024;;17702;GM;GM1963;Hoeksche Waard;1.0;definitief;100.0%;Hoeksche Waard;GM1963;17066
952;17067;Haastrecht;01-01-2024;;4264;GM;GM1931;Krimpenerwaard;1.0;definitief;100.0%;Krimpenerwaard;GM1931;17067
954;17068;Berkenwoude;01-01-2024;;1864;GM;GM1931;Krimpenerwaard;1.0;definitief;100.0%;Krimpenerwaard;GM1931;17068
956;17070;rwzi Hoogvliet;01-01-2024;;60120;GM;GM0489;Barendrecht;0.0003;definitief;0.03%;Barendrecht;GM0489;17070
957;17070;rwzi Hoogvliet;01-01-2024;;60120;GM;GM0599;Rotterdam;0.6845;definitief;68.45%;Rotterdam;GM0599;17070
958;17070;rwzi Hoogvliet;01-01-2024;;60120;GM;GM0613;Albrandswaard;0.3151;definitief;31.509999999999998%;Albrandswaard;GM0613;17070
960;17074;rwzi Den Bommel;01-01-2024;;3070;GM;GM1924;Goeree-Overflakkee;1.0;definitief;100.0%;Goeree-Overflakkee;GM1924;17074
962;17075;rwzi Ooltgensplaat;01-01-2024;;2640;GM;GM1924;Goeree-Overflakkee;1.0;definitief;100.0%;Goeree-Overflakkee;GM1924;17075
964;17076;ZED Schelluinen;01-01-2024;;45749;GM;GM0512;Gorinchem;0.488;definitief;48.8%;Gorinchem;GM0512;17076
965;17076;ZED Schelluinen;01-01-2024;;45749;GM;GM0523;Hardinxveld-Giessendam;0.104;definitief;10.4%;Hardinxveld-Giessendam;GM0523;17076
966;17076;ZED Schelluinen;01-01-2024;;45749;GM;GM1961;Vijfheerenlanden;0.149;definitief;14.899999999999999%;Vijfheerenlanden;GM1961;17076
967;17076;ZED Schelluinen;01-01-2024;;45749;GM;GM1978;Molenlanden;0.259;definitief;25.900000000000002%;Molenlanden;GM1978;17076
970;17077;rwzi Spijkenisse-Allemanspolder;01-01-2024;;75933;GM;GM1930;Nissewaard;1.0;definitief;100.0%;Nissewaard;GM1930;17077
972;17078;rwzi Zwijndrecht;01-01-2024;;116511;GM;GM0489;Barendrecht;0.1594;definitief;15.939999999999998%;Barendrecht;GM0489;17078
973;17078;rwzi Zwijndrecht;01-01-2024;;116511;GM;GM0531;Hendrik-Ido-Ambacht;0.2787;definitief;27.87%;Hendrik-Ido-Ambacht;GM0531;17078
974;17078;rwzi Zwijndrecht;01-01-2024;;116511;GM;GM0597;Ridderkerk;0.0054;definitief;0.54%;Ridderkerk;GM0597;17078
975;17078;rwzi Zwijndrecht;01-01-2024;;116511;GM;GM0642;Zwijndrecht;0.3848;definitief;38.48%;Zwijndrecht;GM0642;17078
976;17078;rwzi Zwijndrecht;01-01-2024;;116511;GM;GM1963;Hoeksche Waard;0.1717;definitief;17.169999999999998%;Hoeksche Waard;GM1963;17078
979;17079;rwzi Barendrecht;01-01-2024;;37549;GM;GM0489;Barendrecht;0.801;definitief;80.10000000000001%;Barendrecht;GM0489;17079
980;17079;rwzi Barendrecht;01-01-2024;;37549;GM;GM0613;Albrandswaard;0.199;definitief;19.900000000000002%;Albrandswaard;GM0613;17079
982;18006;ze Westerschouwen;01-01-2024;;7863;GM;GM1676;Schouwen-Duiveland;1.0;definitief;100.0%;Schouwen-Duiveland;GM1676;18006
984;18007;ze Mastgat;01-01-2024;;9820;GM;GM1676;Schouwen-Duiveland;1.0;definitief;100.0%;Schouwen-Duiveland;GM1676;18007
986;18009;ze De Verseput;01-01-2024;;16867;GM;GM1676;Schouwen-Duiveland;1.0;definitief;100.0%;Schouwen-Duiveland;GM1676;18009
988;19001;ze Sint Maartensdijk;01-01-2024;;15787;GM;GM0716;Tholen;1.0;definitief;100.0%;Tholen;GM0716;19001
990;19003;ze Tholen;01-01-2024;;11025;GM;GM0716;Tholen;1.0;definitief;100.0%;Tholen;GM0716;19003
992;20009;ze Waarde;01-01-2024;;21485;GM;GM0703;Reimerswaal;1.0;definitief;100.0%;Reimerswaal;GM0703;20009
994;20010;ze Camperlandpolder;01-01-2024;;7941;GM;GM1695;Noord-Beveland;1.0;definitief;100.0%;Noord-Beveland;GM1695;20010
996;20011;ze Willem Annapolder;01-01-2024;;77479;GM;GM0654;Borsele;0.2984;definitief;29.84%;Borsele;GM0654;20011
997;20011;ze Willem Annapolder;01-01-2024;;77479;GM;GM0664;Goes;0.5122;definitief;51.22%;Goes;GM0664;20011
998;20011;ze Willem Annapolder;01-01-2024;;77479;GM;GM0678;Kapelle;0.1679;definitief;16.79%;Kapelle;GM0678;20011
999;20011;ze Willem Annapolder;01-01-2024;;77479;GM;GM0703;Reimerswaal;0.0215;definitief;2.15%;Reimerswaal;GM0703;20011
1001;21001;ze Walcheren;01-01-2024;;117329;GM;GM0687;Middelburg (Z.);0.4262;definitief;42.620000000000005%;Middelburg (Z.);GM0687;21001
1002;21001;ze Walcheren;01-01-2024;;117329;GM;GM0717;Veere;0.1881;definitief;18.81%;Veere;GM0717;21001
1003;21001;ze Walcheren;01-01-2024;;117329;GM;GM0718;Vlissingen;0.3858;definitief;38.58%;Vlissingen;GM0718;21001
1005;22008;ze Retranchement;01-01-2024;;3601;GM;GM1714;Sluis;1.0;definitief;100.0%;Sluis;GM1714;22008
1007;22012;ze Oostburg;01-01-2024;;10887;GM;GM1714;Sluis;1.0;definitief;100.0%;Sluis;GM1714;22012
1009;22013;ze Breskens;01-01-2024;;10230;GM;GM0715;Terneuzen;0.154;definitief;15.4%;Terneuzen;GM0715;22013
1010;22013;ze Breskens;01-01-2024;;10230;GM;GM1714;Sluis;0.846;definitief;84.6%;Sluis;GM1714;22013
1012;23002;ze Terneuzen;01-01-2024;;53560;GM;GM0677;Hulst;0.0004;definitief;0.04%;Hulst;GM0677;23002
1013;23002;ze Terneuzen;01-01-2024;;53560;GM;GM0715;Terneuzen;0.9996;definitief;99.96000000000001%;Terneuzen;GM0715;23002
1015;24001;ze Hulst;01-01-2024;;19835;GM;GM0677;Hulst;0.999;definitief;99.9%;Hulst;GM0677;24001
1016;24001;ze Hulst;01-01-2024;;19835;GM;GM0715;Terneuzen;0.001;definitief;0.1%;Terneuzen;GM0715;24001
1018;24002;ze Kloosterzande;01-01-2024;;7491;GM;GM0677;Hulst;0.999;definitief;99.9%;Hulst;GM0677;24002
1020;25001;Zuiveringskring Rijen;01-01-2024;;52342;GM;GM0758;Breda;0.0016;definitief;0.16%;Breda;GM0758;25001
1021;25001;Zuiveringskring Rijen;01-01-2024;;52342;GM;GM0766;Dongen;0.4705;definitief;47.05%;Dongen;GM0766;25001
1022;25001;Zuiveringskring Rijen;01-01-2024;;52342;GM;GM0784;Gilze en Rijen;0.5221;definitief;52.21%;Gilze en Rijen;GM0784;25001
1023;25001;Zuiveringskring Rijen;01-01-2024;;52342;GM;GM0826;Oosterhout;0.0019;definitief;0.19%;Oosterhout;GM0826;25001
1024;25001;Zuiveringskring Rijen;01-01-2024;;52342;GM;GM0855;Tilburg;0.0035;definitief;0.35000000000000003%;Tilburg;GM0855;25001
1025;25001;Zuiveringskring Rijen;01-01-2024;;52342;GM;GM1723;Alphen-Chaam;0.0005;definitief;0.05%;Alphen-Chaam;GM1723;25001
1027;25003;Zuiveringskring Waalwijk;01-01-2024;;30629;GM;GM0867;Waalwijk;1.0;definitief;100.0%;Waalwijk;GM0867;25003
1029;25008;Zuiveringskring Ossendrecht;01-01-2024;;5872;GM;GM0703;Reimerswaal;0.014;definitief;1.4000000000000001%;Reimerswaal;GM0703;25008
1030;25008;Zuiveringskring Ossendrecht;01-01-2024;;5872;GM;GM0873;Woensdrecht;0.986;definitief;98.6%;Woensdrecht;GM0873;25008
1033;25012;Zuiveringskring Putte;01-01-2024;;3867;GM;GM0873;Woensdrecht;1.0;definitief;100.0%;Woensdrecht;GM0873;25012
1035;25013;Zuiveringskring Riel;01-01-2024;;7421;GM;GM0785;Goirle;0.412;definitief;41.199999999999996%;Goirle;GM0785;25013
1036;25013;Zuiveringskring Riel;01-01-2024;;7421;GM;GM1723;Alphen-Chaam;0.588;definitief;58.8%;Alphen-Chaam;GM1723;25013
1038;25014;Zuiveringskring Waspik;01-01-2024;;5135;GM;GM0766;Dongen;0.004;definitief;0.4%;Dongen;GM0766;25014
1039;25014;Zuiveringskring Waspik;01-01-2024;;5135;GM;GM0867;Waalwijk;0.996;definitief;99.6%;Waalwijk;GM0867;25014
1041;25016;Zuiveringskring Nieuw-Vossemeer;01-01-2024;;2202;GM;GM0851;Steenbergen;1.0;definitief;100.0%;Steenbergen;GM0851;25016
1043;25017;Zuiveringskring Nieuwveer;01-01-2024;;270515;GM;GM0758;Breda;0.695;definitief;69.5%;Breda;GM0758;25017
1044;25017;Zuiveringskring Nieuwveer;01-01-2024;;270515;GM;GM0777;Etten-Leur;0.1647;definitief;16.470000000000002%;Etten-Leur;GM0777;25017
1045;25017;Zuiveringskring Nieuwveer;01-01-2024;;270515;GM;GM0826;Oosterhout;0.0129;definitief;1.29%;Oosterhout;GM0826;25017
1046;25017;Zuiveringskring Nieuwveer;01-01-2024;;270515;GM;GM0840;Rucphen;0.0003;definitief;0.03%;Rucphen;GM0840;25017
1047;25017;Zuiveringskring Nieuwveer;01-01-2024;;270515;GM;GM0879;Zundert;0.0831;definitief;8.309999999999999%;Zundert;GM0879;25017
1048;25017;Zuiveringskring Nieuwveer;01-01-2024;;270515;GM;GM1709;Moerdijk;0.0058;definitief;0.58%;Moerdijk;GM1709;25017
1049;25017;Zuiveringskring Nieuwveer;01-01-2024;;270515;GM;GM1719;Drimmelen;0.0321;definitief;3.2099999999999995%;Drimmelen;GM1719;25017
1050;25017;Zuiveringskring Nieuwveer;01-01-2024;;270515;GM;GM1723;Alphen-Chaam;0.0061;definitief;0.61%;Alphen-Chaam;GM1723;25017
1052;25019;Zuiveringskring Chaam;01-01-2024;;4408;GM;GM1723;Alphen-Chaam;1.0;definitief;100.0%;Alphen-Chaam;GM1723;25019
1054;25020;Zuiveringskring Kaatsheuvel;01-01-2024;;39935;GM;GM0766;Dongen;0.042;definitief;4.2%;Dongen;GM0766;25020
1055;25020;Zuiveringskring Kaatsheuvel;01-01-2024;;39935;GM;GM0809;Loon op Zand;0.596;definitief;59.599999999999994%;Loon op Zand;GM0809;25020
1056;25020;Zuiveringskring Kaatsheuvel;01-01-2024;;39935;GM;GM0867;Waalwijk;0.362;definitief;36.199999999999996%;Waalwijk;GM0867;25020
1058;25021;Zuiveringskring Bath;01-01-2024;;252326;GM;GM0748;Bergen op Zoom;0.2266;definitief;22.66%;Bergen op Zoom;GM0748;25021
1059;25021;Zuiveringskring Bath;01-01-2024;;252326;GM;GM0777;Etten-Leur;0.0027;definitief;0.27%;Etten-Leur;GM0777;25021
1060;25021;Zuiveringskring Bath;01-01-2024;;252326;GM;GM0840;Rucphen;0.0938;definitief;9.379999999999999%;Rucphen;GM0840;25021
1061;25021;Zuiveringskring Bath;01-01-2024;;252326;GM;GM0851;Steenbergen;0.0656;definitief;6.5600000000000005%;Steenbergen;GM0851;25021
1062;25021;Zuiveringskring Bath;01-01-2024;;252326;GM;GM0873;Woensdrecht;0.0497;definitief;4.97%;Woensdrecht;GM0873;25021
1063;25021;Zuiveringskring Bath;01-01-2024;;252326;GM;GM0879;Zundert;0.0003;definitief;0.03%;Zundert;GM0879;25021
1064;25021;Zuiveringskring Bath;01-01-2024;;252326;GM;GM1655;Halderberge;0.1236;definitief;12.36%;Halderberge;GM1655;25021
1065;25021;Zuiveringskring Bath;01-01-2024;;252326;GM;GM1674;Roosendaal;0.3074;definitief;30.740000000000002%;Roosendaal;GM1674;25021
1066;25021;Zuiveringskring Bath;01-01-2024;;252326;GM;GM1709;Moerdijk;0.1303;definitief;13.03%;Moerdijk;GM1709;25021
1068;25023;Zuiveringskring Dongemond;01-01-2024;;90698;GM;GM0766;Dongen;0.0086;definitief;0.86%;Dongen;GM0766;25023
1069;25023;Zuiveringskring Dongemond;01-01-2024;;90698;GM;GM0779;Geertruidenberg;0.2432;definitief;24.32%;Geertruidenberg;GM0779;25023
1070;25023;Zuiveringskring Dongemond;01-01-2024;;90698;GM;GM0826;Oosterhout;0.5991;definitief;59.91%;Oosterhout;GM0826;25023
1071;25023;Zuiveringskring Dongemond;01-01-2024;;90698;GM;GM0867;Waalwijk;0.0004;definitief;0.04%;Waalwijk;GM0867;25023
1072;25023;Zuiveringskring Dongemond;01-01-2024;;90698;GM;GM1719;Drimmelen;0.1487;definitief;14.87%;Drimmelen;GM1719;25023
1074;25025;Zuiveringskring Halsteren;01-01-2024;;12514;GM;GM0748;Bergen op Zoom;1.0;definitief;100.0%;Bergen op Zoom;GM0748;25025
1076;25026;Zuiveringskring Baarle-Nassau;01-01-2024;;6977;GM;GM0744;Baarle-Nassau;0.998;definitief;99.8%;Baarle-Nassau;GM0744;25026
1077;25026;Zuiveringskring Baarle-Nassau;01-01-2024;;6977;GM;GM1723;Alphen-Chaam;0.002;definitief;0.2%;Alphen-Chaam;GM1723;25026
1079;25027;Zuiveringskring Lage Zwaluwe;01-01-2024;;6051;GM;GM1709;Moerdijk;0.006;definitief;0.6%;Moerdijk;GM1709;25027
1080;25027;Zuiveringskring Lage Zwaluwe;01-01-2024;;6051;GM;GM1719;Drimmelen;0.994;definitief;99.4%;Drimmelen;GM1719;25027
1082;25028;Zuiveringskring Dinteloord;01-01-2024;;5679;GM;GM0851;Steenbergen;0.996;definitief;99.6%;Steenbergen;GM0851;25028
1083;25028;Zuiveringskring Dinteloord;01-01-2024;;5679;GM;GM1709;Moerdijk;0.004;definitief;0.4%;Moerdijk;GM1709;25028
1085;25029;Zuiveringskring Willemstad;01-01-2024;;3570;GM;GM1709;Moerdijk;1.0;definitief;100.0%;Moerdijk;GM1709;25029
1087;26005;ZED Sleeuwijk;01-01-2024;;58288;GM;GM1719;Drimmelen;0.0002;definitief;0.02%;Drimmelen;GM1719;26005
1088;26005;ZED Sleeuwijk;01-01-2024;;58288;GM;GM1959;Altena;0.9998;definitief;99.98%;Altena;GM1959;26005
1090;27003;Eindhoven;01-01-2024;;472846;GM;GM0770;Eersel;0.038;definitief;3.8%;Eersel;GM0770;27003
1091;27003;Eindhoven;01-01-2024;;472846;GM;GM0772;Eindhoven;0.5211;definitief;52.11%;Eindhoven;GM0772;27003
1092;27003;Eindhoven;01-01-2024;;472846;GM;GM0820;Nuenen, Gerwen en Nederwetten;0.0512;definitief;5.12%;Nuenen, Gerwen en Nederwetten;GM0820;27003
1093;27003;Eindhoven;01-01-2024;;472846;GM;GM0848;Son en Breugel;0.0362;definitief;3.62%;Son en Breugel;GM0848;27003
1094;27003;Eindhoven;01-01-2024;;472846;GM;GM0858;Valkenswaard;0.0671;definitief;6.710000000000001%;Valkenswaard;GM0858;27003
1095;27003;Eindhoven;01-01-2024;;472846;GM;GM0861;Veldhoven;0.099;definitief;9.9%;Veldhoven;GM0861;27003
1096;27003;Eindhoven;01-01-2024;;472846;GM;GM0866;Waalre;0.038;definitief;3.8%;Waalre;GM0866;27003
1097;27003;Eindhoven;01-01-2024;;472846;GM;GM1658;Heeze-Leende;0.0354;definitief;3.54%;Heeze-Leende;GM1658;27003
1098;27003;Eindhoven;01-01-2024;;472846;GM;GM1724;Bergeijk;0.0406;definitief;4.06%;Bergeijk;GM1724;27003
1099;27003;Eindhoven;01-01-2024;;472846;GM;GM1771;Geldrop-Mierlo;0.0732;definitief;7.32%;Geldrop-Mierlo;GM1771;27003
1100;27003;Eindhoven;01-01-2024;;472846;GM;GM1948;Meierijstad;0.0001;definitief;0.01%;Meierijstad;GM1948;27003
1103;27004;Boxtel;01-01-2024;;46856;GM;GM0757;Boxtel;0.723;definitief;72.3%;Boxtel;GM0757;27004
1104;27004;Boxtel;01-01-2024;;46856;GM;GM0824;Oisterwijk;0.001;definitief;0.1%;Oisterwijk;GM0824;27004
1105;27004;Boxtel;01-01-2024;;46856;GM;GM0845;Sint-Michielsgestel;0.275;definitief;27.500000000000004%;Sint-Michielsgestel;GM0845;27004
1106;27004;Boxtel;01-01-2024;;46856;GM;GM1948;Meierijstad;0.001;definitief;0.1%;Meierijstad;GM1948;27004
1109;27005;Hapert;01-01-2024;;36752;GM;GM0770;Eersel;0.059;definitief;5.8999999999999995%;Eersel;GM0770;27005
1110;27005;Hapert;01-01-2024;;36752;GM;GM0798;Hilvarenbeek;0.001;definitief;0.1%;Hilvarenbeek;GM0798;27005
1111;27005;Hapert;01-01-2024;;36752;GM;GM1667;Reusel-De Mierden;0.369;definitief;36.9%;Reusel-De Mierden;GM1667;27005
1112;27005;Hapert;01-01-2024;;36752;GM;GM1728;Bladel;0.571;definitief;57.099999999999994%;Bladel;GM1728;27005
1115;27006;Soerendonk;01-01-2024;;20888;GM;GM1658;Heeze-Leende;0.002;definitief;0.2%;Heeze-Leende;GM1658;27006
1116;27006;Soerendonk;01-01-2024;;20888;GM;GM1706;Cranendonck;0.998;definitief;99.8%;Cranendonck;GM1706;27006
1118;27008;R.W.Z.I. Den Bosch;01-01-2024;;180769;GM;GM0796;'s-Hertogenbosch;0.5934;definitief;59.34%;'s-Hertogenbosch;GM0796;27008
1119;27008;R.W.Z.I. Den Bosch;01-01-2024;;180769;GM;GM0797;Heusden;0.2546;definitief;25.46%;Heusden;GM0797;27008
1120;27008;R.W.Z.I. Den Bosch;01-01-2024;;180769;GM;GM0845;Sint-Michielsgestel;0.0001;definitief;0.01%;Sint-Michielsgestel;GM0845;27008
1121;27008;R.W.Z.I. Den Bosch;01-01-2024;;180769;GM;GM0865;Vught;0.1517;definitief;15.17%;Vught;GM0865;27008
1122;27008;R.W.Z.I. Den Bosch;01-01-2024;;180769;GM;GM0867;Waalwijk;0.0003;definitief;0.03%;Waalwijk;GM0867;27008
1125;27009;Haaren;01-01-2024;;36949;GM;GM0757;Boxtel;0.002;definitief;0.2%;Boxtel;GM0757;27009
1126;27009;Haaren;01-01-2024;;36949;GM;GM0824;Oisterwijk;0.879;definitief;87.9%;Oisterwijk;GM0824;27009
1127;27009;Haaren;01-01-2024;;36949;GM;GM0865;Vught;0.119;definitief;11.899999999999999%;Vught;GM0865;27009
1130;27010;St. Oedenrode;01-01-2024;;64115;GM;GM0753;Best;0.487;definitief;48.699999999999996%;Best;GM0753;27010
1131;27010;St. Oedenrode;01-01-2024;;64115;GM;GM0798;Hilvarenbeek;0.001;definitief;0.1%;Hilvarenbeek;GM0798;27010
1132;27010;St. Oedenrode;01-01-2024;;64115;GM;GM0823;Oirschot;0.2126;definitief;21.26%;Oirschot;GM0823;27010
1133;27010;St. Oedenrode;01-01-2024;;64115;GM;GM0824;Oisterwijk;0.0005;definitief;0.05%;Oisterwijk;GM0824;27010
1134;27010;St. Oedenrode;01-01-2024;;64115;GM;GM0848;Son en Breugel;0.0132;definitief;1.32%;Son en Breugel;GM0848;27010
1135;27010;St. Oedenrode;01-01-2024;;64115;GM;GM1948;Meierijstad;0.2857;definitief;28.57%;Meierijstad;GM1948;27010
1139;27011;Biest-Houtakker;01-01-2024;;42373;GM;GM0770;Eersel;0.002;definitief;0.2%;Eersel;GM0770;27011
1140;27011;Biest-Houtakker;01-01-2024;;42373;GM;GM0785;Goirle;0.487;definitief;48.699999999999996%;Goirle;GM0785;27011
1141;27011;Biest-Houtakker;01-01-2024;;42373;GM;GM0798;Hilvarenbeek;0.374;definitief;37.4%;Hilvarenbeek;GM0798;27011
1142;27011;Biest-Houtakker;01-01-2024;;42373;GM;GM0823;Oirschot;0.133;definitief;13.3%;Oirschot;GM0823;27011
1143;27011;Biest-Houtakker;01-01-2024;;42373;GM;GM0824;Oisterwijk;0.004;definitief;0.4%;Oisterwijk;GM0824;27011
1146;28002;R.W.Z.I. Asten;01-01-2024;;44819;GM;GM0743;Asten;0.386;definitief;38.6%;Asten;GM0743;28002
1147;28002;R.W.Z.I. Asten;01-01-2024;;44819;GM;GM0762;Deurne;0.171;definitief;17.1%;Deurne;GM0762;28002
1148;28002;R.W.Z.I. Asten;01-01-2024;;44819;GM;GM0847;Someren;0.442;definitief;44.2%;Someren;GM0847;28002
1149;28002;R.W.Z.I. Asten;01-01-2024;;44819;GM;GM0946;Nederweert;0.001;definitief;0.1%;Nederweert;GM0946;28002
1152;28003;R.W.Z.I. Aarle-Rixtel;01-01-2024;;183192;GM;GM0762;Deurne;0.1389;definitief;13.889999999999999%;Deurne;GM0762;28003
1153;28003;R.W.Z.I. Aarle-Rixtel;01-01-2024;;183192;GM;GM0794;Helmond;0.5233;definitief;52.33%;Helmond;GM0794;28003
1154;28003;R.W.Z.I. Aarle-Rixtel;01-01-2024;;183192;GM;GM0820;Nuenen, Gerwen en Nederwetten;0.0002;definitief;0.02%;Nuenen, Gerwen en Nederwetten;GM0820;28003
1155;28003;R.W.Z.I. Aarle-Rixtel;01-01-2024;;183192;GM;GM0847;Someren;0.002;definitief;0.2%;Someren;GM0847;28003
1156;28003;R.W.Z.I. Aarle-Rixtel;01-01-2024;;183192;GM;GM1652;Gemert-Bakel;0.1715;definitief;17.150000000000002%;Gemert-Bakel;GM1652;28003
1157;28003;R.W.Z.I. Aarle-Rixtel;01-01-2024;;183192;GM;GM1659;Laarbeek;0.1268;definitief;12.68%;Laarbeek;GM1659;28003
1158;28003;R.W.Z.I. Aarle-Rixtel;01-01-2024;;183192;GM;GM1771;Geldrop-Mierlo;0.0333;definitief;3.3300000000000005%;Geldrop-Mierlo;GM1771;28003
1159;28003;R.W.Z.I. Aarle-Rixtel;01-01-2024;;183192;GM;GM1948;Meierijstad;0.0041;definitief;0.41000000000000003%;Meierijstad;GM1948;28003
1162;28005;R.W.Z.I. Dinther;01-01-2024;;128112;GM;GM0755;Boekel;0.0881;definitief;8.81%;Boekel;GM0755;28005
1163;28005;R.W.Z.I. Dinther;01-01-2024;;128112;GM;GM1721;Bernheze;0.0818;definitief;8.18%;Bernheze;GM1721;28005
1164;28005;R.W.Z.I. Dinther;01-01-2024;;128112;GM;GM1948;Meierijstad;0.5087;definitief;50.870000000000005%;Meierijstad;GM1948;28005
1165;28005;R.W.Z.I. Dinther;01-01-2024;;128112;GM;GM1991;Maashorst;0.3213;definitief;32.129999999999995%;Maashorst;GM1991;28005
1167;28006;R.W.Z.I. Vinkel;01-01-2024;;42373;GM;GM0796;'s-Hertogenbosch;0.069;definitief;6.9%;'s-Hertogenbosch;GM0796;28006
1168;28006;R.W.Z.I. Vinkel;01-01-2024;;42373;GM;GM0828;Oss;0.004;definitief;0.4%;Oss;GM0828;28006
1169;28006;R.W.Z.I. Vinkel;01-01-2024;;42373;GM;GM0845;Sint-Michielsgestel;0.406;definitief;40.6%;Sint-Michielsgestel;GM0845;28006
1170;28006;R.W.Z.I. Vinkel;01-01-2024;;42373;GM;GM1721;Bernheze;0.52;definitief;52.0%;Bernheze;GM1721;28006
1172;29002;R.W.Z.I. Oijen;01-01-2024;;165201;GM;GM0796;'s-Hertogenbosch;0.3061;definitief;30.61%;'s-Hertogenbosch;GM0796;29002
1173;29002;R.W.Z.I. Oijen;01-01-2024;;165201;GM;GM0828;Oss;0.5717;definitief;57.17%;Oss;GM0828;29002
1174;29002;R.W.Z.I. Oijen;01-01-2024;;165201;GM;GM1982;Land van Cuijk;0.0666;definitief;6.660000000000001%;Land van Cuijk;GM1982;29002
1175;29002;R.W.Z.I. Oijen;01-01-2024;;165201;GM;GM1991;Maashorst;0.0555;definitief;5.55%;Maashorst;GM1991;29002
1177;29003;R.W.Z.I. Land van Cuijk;01-01-2024;;89803;GM;GM0984;Venray;0.0021;definitief;0.21%;Venray;GM0984;29003
1178;29003;R.W.Z.I. Land van Cuijk;01-01-2024;;89803;GM;GM1652;Gemert-Bakel;0.0002;definitief;0.02%;Gemert-Bakel;GM1652;29003
1179;29003;R.W.Z.I. Land van Cuijk;01-01-2024;;89803;GM;GM1982;Land van Cuijk;0.8989;definitief;89.89%;Land van Cuijk;GM1982;29003
1180;29003;R.W.Z.I. Land van Cuijk;01-01-2024;;89803;GM;GM1991;Maashorst;0.0988;definitief;9.879999999999999%;Maashorst;GM1991;29003
1184;30003;RWZI Limmel;01-01-2024;;80704;GM;GM0935;Maastricht;0.4545;definitief;45.45%;Maastricht;GM0935;30003
1185;30003;RWZI Limmel;01-01-2024;;80704;GM;GM0938;Meerssen;0.2302;definitief;23.02%;Meerssen;GM0938;30003
1186;30003;RWZI Limmel;01-01-2024;;80704;GM;GM0986;Voerendaal;0.0169;definitief;1.69%;Voerendaal;GM0986;30003
1187;30003;RWZI Limmel;01-01-2024;;80704;GM;GM0994;Valkenburg aan de Geul;0.2014;definitief;20.14%;Valkenburg aan de Geul;GM0994;30003
1188;30003;RWZI Limmel;01-01-2024;;80704;GM;GM1903;Eijsden-Margraten;0.0514;definitief;5.140000000000001%;Eijsden-Margraten;GM1903;30003
1189;30003;RWZI Limmel;01-01-2024;;80704;GM;GM1954;Beekdaelen;0.0456;definitief;4.5600000000000005%;Beekdaelen;GM1954;30003
1191;30005;RWZI Weert;01-01-2024;;68759;GM;GM0847;Someren;0.0002;definitief;0.02%;Someren;GM0847;30005
1192;30005;RWZI Weert;01-01-2024;;68759;GM;GM0946;Nederweert;0.2362;definitief;23.62%;Nederweert;GM0946;30005
1193;30005;RWZI Weert;01-01-2024;;68759;GM;GM0988;Weert;0.7429;definitief;74.29%;Weert;GM0988;30005
1194;30005;RWZI Weert;01-01-2024;;68759;GM;GM1640;Leudal;0.0207;definitief;2.07%;Leudal;GM1640;30005
1197;30007;RWZI Bosscherveld;01-01-2024;;61496;GM;GM0935;Maastricht;1.0;definitief;100.0%;Maastricht;GM0935;30007
1199;30011;RWZI Simpelveld;01-01-2024;;10254;GM;GM0965;Simpelveld;1.0;definitief;100.0%;Simpelveld;GM0965;30011
1201;30013;RWZI Rimburg;01-01-2024;;32171;GM;GM0882;Landgraaf;0.643;definitief;64.3%;Landgraaf;GM0882;30013
1202;30013;RWZI Rimburg;01-01-2024;;32171;GM;GM0928;Kerkrade;0.357;definitief;35.699999999999996%;Kerkrade;GM0928;30013
1204;30014;RWZI Kaffeberg;01-01-2024;;38670;GM;GM0882;Landgraaf;0.125;definitief;12.5%;Landgraaf;GM0882;30014
1205;30014;RWZI Kaffeberg;01-01-2024;;38670;GM;GM0928;Kerkrade;0.875;definitief;87.5%;Kerkrade;GM0928;30014
1207;30015;RWZI Hoensbroek;01-01-2024;;185516;GM;GM0882;Landgraaf;0.0624;definitief;6.239999999999999%;Landgraaf;GM0882;30015
1208;30015;RWZI Hoensbroek;01-01-2024;;185516;GM;GM0888;Beek (L.);0.0852;definitief;8.52%;Beek (L.);GM0888;30015
1209;30015;RWZI Hoensbroek;01-01-2024;;185516;GM;GM0899;Brunssum;0.0385;definitief;3.85%;Brunssum;GM0899;30015
1210;30015;RWZI Hoensbroek;01-01-2024;;185516;GM;GM0917;Heerlen;0.4714;definitief;47.14%;Heerlen;GM0917;30015
1211;30015;RWZI Hoensbroek;01-01-2024;;185516;GM;GM0986;Voerendaal;0.0591;definitief;5.91%;Voerendaal;GM0986;30015
1212;30015;RWZI Hoensbroek;01-01-2024;;185516;GM;GM1729;Gulpen-Wittem;0.0001;definitief;0.01%;Gulpen-Wittem;GM1729;30015
1213;30015;RWZI Hoensbroek;01-01-2024;;185516;GM;GM1883;Sittard-Geleen;0.1577;definitief;15.770000000000001%;Sittard-Geleen;GM1883;30015
1214;30015;RWZI Hoensbroek;01-01-2024;;185516;GM;GM1954;Beekdaelen;0.1255;definitief;12.55%;Beekdaelen;GM1954;30015
1216;30016;RWZI Heugem;01-01-2024;;46121;GM;GM0935;Maastricht;0.587;definitief;58.699999999999996%;Maastricht;GM0935;30016
1217;30016;RWZI Heugem;01-01-2024;;46121;GM;GM0994;Valkenburg aan de Geul;0.004;definitief;0.4%;Valkenburg aan de Geul;GM0994;30016
1218;30016;RWZI Heugem;01-01-2024;;46121;GM;GM1903;Eijsden-Margraten;0.409;definitief;40.9%;Eijsden-Margraten;GM1903;30016
1220;30017;RWZI Venlo;01-01-2024;;193841;GM;GM0762;Deurne;0.0003;definitief;0.03%;Deurne;GM0762;30017
1221;30017;RWZI Venlo;01-01-2024;;193841;GM;GM0889;Beesel;0.0691;definitief;6.909999999999999%;Beesel;GM0889;30017
1222;30017;RWZI Venlo;01-01-2024;;193841;GM;GM0893;Bergen (L.);0.0004;definitief;0.04%;Bergen (L.);GM0893;30017
1223;30017;RWZI Venlo;01-01-2024;;193841;GM;GM0983;Venlo;0.5354;definitief;53.54%;Venlo;GM0983;30017
1224;30017;RWZI Venlo;01-01-2024;;193841;GM;GM1507;Horst aan de Maas;0.1931;definitief;19.31%;Horst aan de Maas;GM1507;30017
1225;30017;RWZI Venlo;01-01-2024;;193841;GM;GM1894;Peel en Maas;0.2017;definitief;20.169999999999998%;Peel en Maas;GM1894;30017
1228;30018;RWZI Meijel;01-01-2024;;6455;GM;GM0946;Nederweert;0.002;definitief;0.2%;Nederweert;GM0946;30018
1229;30018;RWZI Meijel;01-01-2024;;6455;GM;GM1894;Peel en Maas;0.998;definitief;99.8%;Peel en Maas;GM1894;30018
1231;30019;RWZI Wijlre;01-01-2024;;27225;GM;GM0981;Vaals;0.372;definitief;37.2%;Vaals;GM0981;30019
1232;30019;RWZI Wijlre;01-01-2024;;27225;GM;GM0986;Voerendaal;0.002;definitief;0.2%;Voerendaal;GM0986;30019
1233;30019;RWZI Wijlre;01-01-2024;;27225;GM;GM1729;Gulpen-Wittem;0.515;definitief;51.5%;Gulpen-Wittem;GM1729;30019
1234;30019;RWZI Wijlre;01-01-2024;;27225;GM;GM1903;Eijsden-Margraten;0.111;definitief;11.1%;Eijsden-Margraten;GM1903;30019
1236;30020;RWZI Venray;01-01-2024;;54505;GM;GM0893;Bergen (L.);0.0652;definitief;6.52%;Bergen (L.);GM0893;30020
1237;30020;RWZI Venray;01-01-2024;;54505;GM;GM0984;Venray;0.8159;definitief;81.58999999999999%;Venray;GM0984;30020
1238;30020;RWZI Venray;01-01-2024;;54505;GM;GM1507;Horst aan de Maas;0.1189;definitief;11.89%;Horst aan de Maas;GM1507;30020
1240;30021;RWZI Stein;01-01-2024;;25162;GM;GM0888;Beek (L.);0.016;definitief;1.6%;Beek (L.);GM0888;30021
1241;30021;RWZI Stein;01-01-2024;;25162;GM;GM0971;Stein (L.);0.983;definitief;98.3%;Stein (L.);GM0971;30021
1243;30022;RWZI Susteren;01-01-2024;;127468;GM;GM0899;Brunssum;0.1618;definitief;16.18%;Brunssum;GM0899;30022
1244;30022;RWZI Susteren;01-01-2024;;127468;GM;GM1641;Maasgouw;0.0203;definitief;2.03%;Maasgouw;GM1641;30022
1245;30022;RWZI Susteren;01-01-2024;;127468;GM;GM1669;Roerdalen;0.0001;definitief;0.01%;Roerdalen;GM1669;30022
1246;30022;RWZI Susteren;01-01-2024;;127468;GM;GM1711;Echt-Susteren;0.2506;definitief;25.06%;Echt-Susteren;GM1711;30022
1247;30022;RWZI Susteren;01-01-2024;;127468;GM;GM1883;Sittard-Geleen;0.4972;definitief;49.72%;Sittard-Geleen;GM1883;30022
1248;30022;RWZI Susteren;01-01-2024;;127468;GM;GM1954;Beekdaelen;0.07;definitief;7.000000000000001%;Beekdaelen;GM1954;30022
1251;30023;RWZI Panheel;01-01-2024;;18173;GM;GM1640;Leudal;0.398;definitief;39.800000000000004%;Leudal;GM1640;30023
1252;30023;RWZI Panheel;01-01-2024;;18173;GM;GM1641;Maasgouw;0.602;definitief;60.199999999999996%;Maasgouw;GM1641;30023
1254;30024;RWZI Roermond;01-01-2024;;121074;GM;GM0946;Nederweert;0.01;definitief;1.0%;Nederweert;GM0946;30024
1255;30024;RWZI Roermond;01-01-2024;;121074;GM;GM0957;Roermond;0.5017;definitief;50.17%;Roermond;GM0957;30024
1256;30024;RWZI Roermond;01-01-2024;;121074;GM;GM1640;Leudal;0.2258;definitief;22.58%;Leudal;GM1640;30024
1257;30024;RWZI Roermond;01-01-2024;;121074;GM;GM1641;Maasgouw;0.0899;definitief;8.99%;Maasgouw;GM1641;30024
1258;30024;RWZI Roermond;01-01-2024;;121074;GM;GM1669;Roerdalen;0.1718;definitief;17.18%;Roerdalen;GM1669;30024
1259;30024;RWZI Roermond;01-01-2024;;121074;GM;GM1711;Echt-Susteren;0.0008;definitief;0.08%;Echt-Susteren;GM1711;30024
1261;30025;RWZI Gennep;01-01-2024;;35471;GM;GM0893;Bergen (L.);0.269;definitief;26.900000000000002%;Bergen (L.);GM0893;30025
1262;30025;RWZI Gennep;01-01-2024;;35471;GM;GM0907;Gennep;0.502;definitief;50.2%;Gennep;GM0907;30025
1263;30025;RWZI Gennep;01-01-2024;;35471;GM;GM0944;Mook en Middelaar;0.23;definitief;23.0%;Mook en Middelaar;GM0944;30025
1265;31005;RWZI Amsterdam Westpoort;01-01-2024;;321494;GM;GM0363;Amsterdam;0.8022;definitief;80.22%;Amsterdam;GM0363;31005
1266;31005;RWZI Amsterdam Westpoort;01-01-2024;;321494;GM;GM0394;Haarlemmermeer;0.0005;definitief;0.05%;Haarlemmermeer;GM0394;31005
1267;31005;RWZI Amsterdam Westpoort;01-01-2024;;321494;GM;GM0479;Zaanstad;0.1973;definitief;19.73%;Zaanstad;GM0479;31005
1271;32002;Tilburg;01-01-2024;;231124;GM;GM0785;Goirle;0.0027;definitief;0.27%;Goirle;GM0785;32002
1272;32002;Tilburg;01-01-2024;;231124;GM;GM0809;Loon op Zand;0.0003;definitief;0.03%;Loon op Zand;GM0809;32002
1273;32002;Tilburg;01-01-2024;;231124;GM;GM0824;Oisterwijk;0.0011;definitief;0.11%;Oisterwijk;GM0824;32002
1274;32002;Tilburg;01-01-2024;;231124;GM;GM0855;Tilburg;0.9936;definitief;99.36%;Tilburg;GM0855;32002
1275;32002;Tilburg;01-01-2024;;231124;GM;GM0865;Vught;0.0023;definitief;0.22999999999999998%;Vught;GM0865;32002
1278;33001;Foxhol;01-01-2024;;30188;GM;GM0014;Groningen;0.019;definitief;1.9%;Groningen;GM0014;33001
1279;33001;Foxhol;01-01-2024;;30188;GM;GM1680;Aa en Hunze;0.02;definitief;2.0%;Aa en Hunze;GM1680;33001
1280;33001;Foxhol;01-01-2024;;30188;GM;GM1730;Tynaarlo;0.369;definitief;36.9%;Tynaarlo;GM1730;33001
1281;33001;Foxhol;01-01-2024;;30188;GM;GM1952;Midden-Groningen;0.592;definitief;59.199999999999996%;Midden-Groningen;GM1952;33001
1284;994;Belgie, RWZI Hoogstraten;01-01-2024;;115;GM;GM0744;Baarle-Nassau;1.0;definitief;100.0%;Baarle-Nassau;GM0744;994
1286;BRHGE01;rwzi Bruggehof (particulier);01-01-2024;;155;GM;GM0505;Dordrecht;1.0;definitief;100.0%;Dordrecht;GM0505;BRHGE01
1288;Schiph1;Schiphol;01-01-2024;;187;GM;GM0394;Haarlemmermeer;1.0;definitief;100.0%;Haarlemmermeer;GM0394;Schiph1
1290;99998;Buiten RWZI herkomstgebied;01-01-2024;;944;GM;GM0303;Dronten;0.0;definitief;0.0%;Dronten;GM0303;99998
1291;99998;Buiten RWZI herkomstgebied;01-01-2024;;944;GM;GM0385;Edam-Volendam;0.01;definitief;1.0%;Edam-Volendam;GM0385;99998
1292;99998;Buiten RWZI herkomstgebied;01-01-2024;;944;GM;GM0388;Enkhuizen;0.0;definitief;0.0%;Enkhuizen;GM0388;99998
1293;99998;Buiten RWZI herkomstgebied;01-01-2024;;944;GM;GM0405;Hoorn;0.02;definitief;2.0%;Hoorn;GM0405;99998
1294;99998;Buiten RWZI herkomstgebied;01-01-2024;;944;GM;GM0505;Dordrecht;0.05;definitief;5.0%;Dordrecht;GM0505;99998
1295;99998;Buiten RWZI herkomstgebied;01-01-2024;;944;GM;GM0531;Hendrik-Ido-Ambacht;0.24;definitief;24.0%;Hendrik-Ido-Ambacht;GM0531;99998
1296;99998;Buiten RWZI herkomstgebied;01-01-2024;;944;GM;GM0597;Ridderkerk;0.06;definitief;6.0%;Ridderkerk;GM0597;99998
1297;99998;Buiten RWZI herkomstgebied;01-01-2024;;944;GM;GM0599;Rotterdam;0.1;definitief;10.0%;Rotterdam;GM0599;99998
1298;99998;Buiten RWZI herkomstgebied;01-01-2024;;944;GM;GM0677;Hulst;0.0;definitief;0.0%;Hulst;GM0677;99998
1299;99998;Buiten RWZI herkomstgebied;01-01-2024;;944;GM;GM0703;Reimerswaal;0.1;definitief;10.0%;Reimerswaal;GM0703;99998
1300;99998;Buiten RWZI herkomstgebied;01-01-2024;;944;GM;GM0715;Terneuzen;0.0;definitief;0.0%;Terneuzen;GM0715;99998
1301;99998;Buiten RWZI herkomstgebied;01-01-2024;;944;GM;GM0716;Tholen;0.04;definitief;4.0%;Tholen;GM0716;99998
1302;99998;Buiten RWZI herkomstgebied;01-01-2024;;944;GM;GM0718;Vlissingen;0.14;definitief;14.000000000000002%;Vlissingen;GM0718;99998
1303;99998;Buiten RWZI herkomstgebied;01-01-2024;;944;GM;GM0852;Waterland;0.0;definitief;0.0%;Waterland;GM0852;99998
1304;99998;Buiten RWZI herkomstgebied;01-01-2024;;944;GM;GM0995;Lelystad;0.01;definitief;1.0%;Lelystad;GM0995;99998
1305;99998;Buiten RWZI herkomstgebied;01-01-2024;;944;GM;GM1676;Schouwen-Duiveland;0.08;definitief;8.0%;Schouwen-Duiveland;GM1676;99998
1306;99998;Buiten RWZI herkomstgebied;01-01-2024;;944;GM;GM1695;Noord-Beveland;0.0;definitief;0.0%;Noord-Beveland;GM1695;99998
1307;99998;Buiten RWZI herkomstgebied;01-01-2024;;944;GM;GM1911;Hollands Kroon;0.0;definitief;0.0%;Hollands Kroon;GM1911;99998
1308;99998;Buiten RWZI herkomstgebied;01-01-2024;;944;GM;GM1924;Goeree-Overflakkee;0.1;definitief;10.0%;Goeree-Overflakkee;GM1924;99998
1309;99998;Buiten RWZI herkomstgebied;01-01-2024;;944;GM;GM1930;Nissewaard;0.0;definitief;0.0%;Nissewaard;GM1930;99998
1310;99998;Buiten RWZI herkomstgebied;01-01-2024;;944;GM;GM1963;Hoeksche Waard;0.04;definitief;4.0%;Hoeksche Waard;GM1963;99998
1311;99998;Buiten RWZI herkomstgebied;01-01-2024;;944;GM;GM1992;Voorne aan Zee;0.0;definitief;0.0%;Voorne aan Zee;GM1992;99998
1318;99999;Niet ingedeeld;01-01-2024;;771;GM;GM0014;Groningen;0.12;definitief;12.0%;Groningen;GM0014;99999
1319;99999;Niet ingedeeld;01-01-2024;;771;GM;GM0047;Veendam;0.0;definitief;0.0%;Veendam;GM0047;99999
1320;99999;Niet ingedeeld;01-01-2024;;771;GM;GM0059;Achtkarspelen;0.0;definitief;0.0%;Achtkarspelen;GM0059;99999
1321;99999;Niet ingedeeld;01-01-2024;;771;GM;GM0060;Ameland;0.01;definitief;1.0%;Ameland;GM0060;99999
1322;99999;Niet ingedeeld;01-01-2024;;771;GM;GM0085;Ooststellingwerf;0.0;definitief;0.0%;Ooststellingwerf;GM0085;99999
1323;99999;Niet ingedeeld;01-01-2024;;771;GM;GM0093;Terschelling;0.0;definitief;0.0%;Terschelling;GM0093;99999
1324;99999;Niet ingedeeld;01-01-2024;;771;GM;GM0098;Weststellingwerf;0.01;definitief;1.0%;Weststellingwerf;GM0098;99999
1325;99999;Niet ingedeeld;01-01-2024;;771;GM;GM0114;Emmen;0.0;definitief;0.0%;Emmen;GM0114;99999
1326;99999;Niet ingedeeld;01-01-2024;;771;GM;GM0141;Almelo;0.0;definitief;0.0%;Almelo;GM0141;99999
1327;99999;Niet ingedeeld;01-01-2024;;771;GM;GM0150;Deventer;0.01;definitief;1.0%;Deventer;GM0150;99999
1328;99999;Niet ingedeeld;01-01-2024;;771;GM;GM0158;Haaksbergen;0.02;definitief;2.0%;Haaksbergen;GM0158;99999
1329;99999;Niet ingedeeld;01-01-2024;;771;GM;GM0166;Kampen;0.01;definitief;1.0%;Kampen;GM0166;99999
1330;99999;Niet ingedeeld;01-01-2024;;771;GM;GM0197;Aalten;0.0;definitief;0.0%;Aalten;GM0197;99999
1331;99999;Niet ingedeeld;01-01-2024;;771;GM;GM0214;Buren;0.0;definitief;0.0%;Buren;GM0214;99999
1332;99999;Niet ingedeeld;01-01-2024;;771;GM;GM0243;Harderwijk;0.0;definitief;0.0%;Harderwijk;GM0243;99999
1333;99999;Niet ingedeeld;01-01-2024;;771;GM;GM0273;Putten;0.01;definitief;1.0%;Putten;GM0273;99999
1334;99999;Niet ingedeeld;01-01-2024;;771;GM;GM0281;Tiel;0.0;definitief;0.0%;Tiel;GM0281;99999
1335;99999;Niet ingedeeld;01-01-2024;;771;GM;GM0299;Zevenaar;0.0;definitief;0.0%;Zevenaar;GM0299;99999
1336;99999;Niet ingedeeld;01-01-2024;;771;GM;GM0308;Baarn;0.0;definitief;0.0%;Baarn;GM0308;99999
1337;99999;Niet ingedeeld;01-01-2024;;771;GM;GM0344;Utrecht;0.03;definitief;3.0%;Utrecht;GM0344;99999
1338;99999;Niet ingedeeld;01-01-2024;;771;GM;GM0361;Alkmaar;0.0;definitief;0.0%;Alkmaar;GM0361;99999
1339;99999;Niet ingedeeld;01-01-2024;;771;GM;GM0363;Amsterdam;0.01;definitief;1.0%;Amsterdam;GM0363;99999
1340;99999;Niet ingedeeld;01-01-2024;;771;GM;GM0376;Blaricum;0.0;definitief;0.0%;Blaricum;GM0376;99999
1341;99999;Niet ingedeeld;01-01-2024;;771;GM;GM0394;Haarlemmermeer;0.02;definitief;2.0%;Haarlemmermeer;GM0394;99999
1342;99999;Niet ingedeeld;01-01-2024;;771;GM;GM0396;Heemskerk;0.0;definitief;0.0%;Heemskerk;GM0396;99999
1343;99999;Niet ingedeeld;01-01-2024;;771;GM;GM0399;Heiloo;0.0;definitief;0.0%;Heiloo;GM0399;99999
1344;99999;Niet ingedeeld;01-01-2024;;771;GM;GM0415;Landsmeer;0.0;definitief;0.0%;Landsmeer;GM0415;99999
1345;99999;Niet ingedeeld;01-01-2024;;771;GM;GM0417;Laren (NH.);0.0;definitief;0.0%;Laren (NH.);GM0417;99999
1346;99999;Niet ingedeeld;01-01-2024;;771;GM;GM0432;Opmeer;0.01;definitief;1.0%;Opmeer;GM0432;99999
1347;99999;Niet ingedeeld;01-01-2024;;771;GM;GM0441;Schagen;0.01;definitief;1.0%;Schagen;GM0441;99999
1348;99999;Niet ingedeeld;01-01-2024;;771;GM;GM0448;Texel;0.0;definitief;0.0%;Texel;GM0448;99999
1349;99999;Niet ingedeeld;01-01-2024;;771;GM;GM0453;Velsen;0.09;definitief;9.0%;Velsen;GM0453;99999
1350;99999;Niet ingedeeld;01-01-2024;;771;GM;GM0479;Zaanstad;0.02;definitief;2.0%;Zaanstad;GM0479;99999
1351;99999;Niet ingedeeld;01-01-2024;;771;GM;GM0484;Alphen aan den Rijn;0.0;definitief;0.0%;Alphen aan den Rijn;GM0484;99999
1352;99999;Niet ingedeeld;01-01-2024;;771;GM;GM0505;Dordrecht;0.0;definitief;0.0%;Dordrecht;GM0505;99999
1353;99999;Niet ingedeeld;01-01-2024;;771;GM;GM0518;'s-Gravenhage;0.04;definitief;4.0%;'s-Gravenhage;GM0518;99999
1354;99999;Niet ingedeeld;01-01-2024;;771;GM;GM0546;Leiden;0.0;definitief;0.0%;Leiden;GM0546;99999
1355;99999;Niet ingedeeld;01-01-2024;;771;GM;GM0553;Lisse;0.0;definitief;0.0%;Lisse;GM0553;99999
1356;99999;Niet ingedeeld;01-01-2024;;771;GM;GM0569;Nieuwkoop;0.0;definitief;0.0%;Nieuwkoop;GM0569;99999
1357;99999;Niet ingedeeld;01-01-2024;;771;GM;GM0599;Rotterdam;0.02;definitief;2.0%;Rotterdam;GM0599;99999
1358;99999;Niet ingedeeld;01-01-2024;;771;GM;GM0627;Waddinxveen;0.0;definitief;0.0%;Waddinxveen;GM0627;99999
1359;99999;Niet ingedeeld;01-01-2024;;771;GM;GM0629;Wassenaar;0.0;definitief;0.0%;Wassenaar;GM0629;99999
1360;99999;Niet ingedeeld;01-01-2024;;771;GM;GM0715;Terneuzen;0.0;definitief;0.0%;Terneuzen;GM0715;99999
1361;99999;Niet ingedeeld;01-01-2024;;771;GM;GM0716;Tholen;0.0;definitief;0.0%;Tholen;GM0716;99999
1362;99999;Niet ingedeeld;01-01-2024;;771;GM;GM0717;Veere;0.0;definitief;0.0%;Veere;GM0717;99999
1363;99999;Niet ingedeeld;01-01-2024;;771;GM;GM0762;Deurne;0.0;definitief;0.0%;Deurne;GM0762;99999
1364;99999;Niet ingedeeld;01-01-2024;;771;GM;GM0820;Nuenen, Gerwen en Nederwetten;0.01;definitief;1.0%;Nuenen, Gerwen en Nederwetten;GM0820;99999
1365;99999;Niet ingedeeld;01-01-2024;;771;GM;GM0840;Rucphen;0.23;definitief;23.0%;Rucphen;GM0840;99999
1366;99999;Niet ingedeeld;01-01-2024;;771;GM;GM0851;Steenbergen;0.08;definitief;8.0%;Steenbergen;GM0851;99999
1367;99999;Niet ingedeeld;01-01-2024;;771;GM;GM0852;Waterland;0.01;definitief;1.0%;Waterland;GM0852;99999
1368;99999;Niet ingedeeld;01-01-2024;;771;GM;GM0879;Zundert;0.0;definitief;0.0%;Zundert;GM0879;99999
1369;99999;Niet ingedeeld;01-01-2024;;771;GM;GM0882;Landgraaf;0.0;definitief;0.0%;Landgraaf;GM0882;99999
1370;99999;Niet ingedeeld;01-01-2024;;771;GM;GM0935;Maastricht;0.03;definitief;3.0%;Maastricht;GM0935;99999
1371;99999;Niet ingedeeld;01-01-2024;;771;GM;GM0957;Roermond;0.0;definitief;0.0%;Roermond;GM0957;99999
1372;99999;Niet ingedeeld;01-01-2024;;771;GM;GM0981;Vaals;0.0;definitief;0.0%;Vaals;GM0981;99999
1373;99999;Niet ingedeeld;01-01-2024;;771;GM;GM1652;Gemert-Bakel;0.0;definitief;0.0%;Gemert-Bakel;GM1652;99999
1374;99999;Niet ingedeeld;01-01-2024;;771;GM;GM1658;Heeze-Leende;0.01;definitief;1.0%;Heeze-Leende;GM1658;99999
1375;99999;Niet ingedeeld;01-01-2024;;771;GM;GM1676;Schouwen-Duiveland;0.0;definitief;0.0%;Schouwen-Duiveland;GM1676;99999
1376;99999;Niet ingedeeld;01-01-2024;;771;GM;GM1695;Noord-Beveland;0.0;definitief;0.0%;Noord-Beveland;GM1695;99999
1377;99999;Niet ingedeeld;01-01-2024;;771;GM;GM1700;Twenterand;0.01;definitief;1.0%;Twenterand;GM1700;99999
1378;99999;Niet ingedeeld;01-01-2024;;771;GM;GM1714;Sluis;0.01;definitief;1.0%;Sluis;GM1714;99999
1379;99999;Niet ingedeeld;01-01-2024;;771;GM;GM1883;Sittard-Geleen;0.01;definitief;1.0%;Sittard-Geleen;GM1883;99999
1380;99999;Niet ingedeeld;01-01-2024;;771;GM;GM1903;Eijsden-Margraten;0.0;definitief;0.0%;Eijsden-Margraten;GM1903;99999
1381;99999;Niet ingedeeld;01-01-2024;;771;GM;GM1904;Stichtse Vecht;0.0;definitief;0.0%;Stichtse Vecht;GM1904;99999
1382;99999;Niet ingedeeld;01-01-2024;;771;GM;GM1924;Goeree-Overflakkee;0.0;definitief;0.0%;Goeree-Overflakkee;GM1924;99999
1383;99999;Niet ingedeeld;01-01-2024;;771;GM;GM1942;Gooise Meren;0.0;definitief;0.0%;Gooise Meren;GM1942;99999
1384;99999;Niet ingedeeld;01-01-2024;;771;GM;GM1959;Altena;0.0;definitief;0.0%;Altena;GM1959;99999
1385;99999;Niet ingedeeld;01-01-2024;;771;GM;GM1963;Hoeksche Waard;0.03;definitief;3.0%;Hoeksche Waard;GM1963;99999
1386;99999;Niet ingedeeld;01-01-2024;;771;GM;GM1970;Noardeast-Fryslân;0.0;definitief;0.0%;Noardeast-Fryslân;GM1970;99999
1387;99999;Niet ingedeeld;01-01-2024;;771;GM;GM1980;Dijk en Waard;0.02;definitief;2.0%;Dijk en Waard;GM1980;99999
1388;99999;Niet ingedeeld;01-01-2024;;771;GM;GM1991;Maashorst;0.0;definitief;0.0%;Maashorst;GM1991;99999
1389;99999;Niet ingedeeld;01-01-2024;;771;GM;GM1992;Voorne aan Zee;0.07;definitief;7.000000000000001%;Voorne aan Zee;GM1992;99999
